<?xml version="1.0" encoding="ISO-8859-15" standalone="no"?>
<uc-export clientvers="11.2.0-dev+main.build.2327">
<FolderStruct>
<includeExternalObjects>0</includeExternalObjects>
<FOLD name="PCK.CUSTOM_ROBOCOPY" title="">
<VARA id="1848001" link="0" name="PCK.CUSTOM_ROBOCOPY.PUB.VAR.METADATA"/>
<FOLD name="ACTIONS" title="">
<FOLD name="FILE" title="">
<FOLD name="FILESYSTEM" title="">
<JOBP id="1848015" link="1" name="PCK.CUSTOM_ROBOCOPY.PUB.ACTION.MICROSOFT_ROBOCOPY"/>
</FOLD>
</FOLD>
</FOLD>
<FOLD name="CONFIG" title="">
<VARA id="1848002" link="0" name="PCK.CUSTOM_ROBOCOPY.PUB.PROMPT_EXTERNAL_MAP"/>
</FOLD>
<FOLD name="DOCUMENTATION" title="">
<DOCU id="1848003" link="0" name="PCK.CUSTOM_ROBOCOPY.PUB.DOC"/>
<DOCU id="1848004" link="0" name="PCK.CUSTOM_ROBOCOPY.PUB.LICENSES"/>
</FOLD>
<FOLD name="RESOURCES" title="">
<FOLD name="INTERPRETERS" title=""/>
<FOLD name="LIBS" title=""/>
<FOLD name="SCRIPTS" title=""/>
</FOLD>
<FOLD name="SOURCE" title="">
<FOLD name="MICROSOFT_ROBOCOPY" title="">
<JOBP id="1848015" link="0" name="PCK.CUSTOM_ROBOCOPY.PUB.ACTION.MICROSOFT_ROBOCOPY"/>
<FOLD name="INTERNAL" title="">
<FOLD name="INCLUDES" title=""/>
<FOLD name="JOBS" title="">
<JOBS_UNIX id="1848016" link="0" name="PCK.CUSTOM_ROBOCOPY.PRV.JOB.MICROSOFT_ROBOCOPY@UNIX"/>
<JOBS_WINDOWS id="1848017" link="0" name="PCK.CUSTOM_ROBOCOPY.PRV.JOB.MICROSOFT_ROBOCOPY@WINDOWS"/>
</FOLD>
<FOLD name="PROMPTSETS" title="">
<PRPT id="1848018" link="0" name="PCK.CUSTOM_ROBOCOPY.PRV.PROMPTSET.MICROSOFT_ROBOCOPY"/>
</FOLD>
<FOLD name="ROLLBACK" title=""/>
<FOLD name="VARIABLES" title=""/>
</FOLD>
</FOLD>
<FOLD name="SHARED" title="">
<FOLD name="INCLUDES" title="">
<JOBI id="1848147" link="0" name="PCK.CUSTOM.ROBOCOPY.PRV.INCLUDE.RC"/>
</FOLD>
<FOLD name="VARIABLES" title="">
<VARA id="1848034" link="0" name="PCK.CUSTOM.ROBOCOPY.PRV.VAR.SUBDIR_OPTIONS"/>
<VARA id="1848036" link="0" name="PCK.CUSTOM.ROBOCOPY.PRV.VAR.COPYFLAGS"/>
<VARA id="1848057" link="0" name="PCK.CUSTOM.ROBOCOPY.PRV.VAR.SYNC"/>
<VARA id="1848065" link="0" name="PCK.CUSTOM.ROBOCOPY.PRV.VAR.YESNO"/>
</FOLD>
</FOLD>
</FOLD>
<FOLD name="TEMPLATES" title=""/>
</FOLD>
</FolderStruct>
<VARA OVD_VRName="FREI" data_type="STATIC" name="PCK.CUSTOM_ROBOCOPY.PUB.VAR.METADATA" replacementmode="2">
<HEADER state="1">
<Title/>
<ArchiveKey1/>
<ArchiveKey2/>
<OH_SubType>STATIC</OH_SubType>
</HEADER>
<ATTR_VARA state="1">
<Type>C|Text</Type>
<lblSource>Static</lblSource>
<source>STATIC</source>
<VRName>FREI|Freely selected</VRName>
<NotFoundErr>0</NotFoundErr>
<NotFoundDef>1</NotFoundDef>
<ShareN>0</ShareN>
<ShareL>0</ShareL>
<ShareR>0</ShareR>
<MaxValue_C>1024</MaxValue_C>
<CheckMax_C>0</CheckMax_C>
<uppercase>0</uppercase>
<sortColumn>0</sortColumn>
<sortDirection>0</sortDirection>
</ATTR_VARA>
<VARA state="1">
<Variables>
<row Name="Categories" Value="OS, WIN" Value1="" Value2="" Value3="" Value4=""/>
<row Name="Company" Value="Custom" Value1="" Value2="" Value3="" Value4=""/>
<row Name="Dependencies" Value="PCK.ITPA_SHARED ~&gt; 1.1, PCK.AUTOMIC_FILESYSTEM ~&gt; 1.1" Value1="" Value2="" Value3="" Value4=""/>
<row Name="Description" Value="Execute robocopy" Value1="" Value2="" Value3="" Value4=""/>
<row Name="Homepage" Value="" Value1="" Value2="" Value3="" Value4=""/>
<row Name="License" Value="" Value1="" Value2="" Value3="" Value4=""/>
<row Name="Name" Value="PCK.CUSTOM_ROBOCOPY" Value1="" Value2="" Value3="" Value4=""/>
<row Name="Package Format Version" Value="0.2.0" Value1="" Value2="" Value3="" Value4=""/>
<row Name="Title" Value="robocopy" Value1="" Value2="" Value3="" Value4=""/>
<row Name="Version" Value="1.0.0" Value1="" Value2="" Value3="" Value4=""/>
<row Name="Action.Builder.Version" Value="1.0.0" Value1="" Value2="" Value3="" Value4=""/>
<row Name="Action.Builder.Library" Value="1.0.0" Value1="" Value2="" Value3="" Value4=""/>
<row Name="Action.Builder.Exported" Value="2016-08-22T16:18:31+0100" Value1="" Value2="" Value3="" Value4=""/>
</Variables>
</VARA>
<DOCU_Docu state="1" type="text">
<DOC/>
</DOCU_Docu>
</VARA>
<VARA OVD_VRName="FREI" data_type="STATIC" name="PCK.CUSTOM_ROBOCOPY.PUB.PROMPT_EXTERNAL_MAP" replacementmode="2">
<HEADER state="1">
<Title/>
<ArchiveKey1/>
<ArchiveKey2/>
<OH_SubType>STATIC</OH_SubType>
</HEADER>
<ATTR_VARA state="1">
<Type>C|Text</Type>
<lblSource>Static</lblSource>
<source>STATIC</source>
<VRName>FREI|Freely selected</VRName>
<NotFoundErr>0</NotFoundErr>
<NotFoundDef>1</NotFoundDef>
<ShareN>0</ShareN>
<ShareL>0</ShareL>
<ShareR>0</ShareR>
<MaxValue_C>1024</MaxValue_C>
<CheckMax_C>0</CheckMax_C>
<uppercase>0</uppercase>
<sortColumn>0</sortColumn>
<sortDirection>0</sortDirection>
</ATTR_VARA>
<VARA state="1">
<Variables>
<row Name="PCK.CUSTOM_ROBOCOPY.PUB.ACTION.MICROSOFT_ROBOCOPY/UC4RB_ROBOCOPY_SOURCE_DIR#" Value="EXT:/source/source_files_dirs" Value1="" Value2="" Value3="" Value4=""/>
<row Name="PCK.CUSTOM_ROBOCOPY.PUB.ACTION.MICROSOFT_ROBOCOPY/UC4RB_ROBOCOPY_TARGET_DIR#" Value="EXT:/target/target_files_dirs" Value1="" Value2="" Value3="" Value4=""/>
</Variables>
</VARA>
<DOCU_Docu state="1" type="text">
<DOC/>
</DOCU_Docu>
</VARA>
<DOCU name="PCK.CUSTOM_ROBOCOPY.PUB.DOC">
<HEADER state="1">
<Title>Pack Documentation</Title>
<ArchiveKey1/>
<ArchiveKey2/>
<OH_SubType/>
</HEADER>
<DOCU_Docu state="1" type="text">
<DOC/>
</DOCU_Docu>
</DOCU>
<DOCU name="PCK.CUSTOM_ROBOCOPY.PUB.LICENSES">
<HEADER state="1">
<Title/>
<ArchiveKey1/>
<ArchiveKey2/>
<OH_SubType/>
</HEADER>
<DOCU_Docu state="1" type="text">
<DOC/>
</DOCU_Docu>
</DOCU>
<JOBP AllowExternal="1" name="PCK.CUSTOM_ROBOCOPY.PUB.ACTION.MICROSOFT_ROBOCOPY">
<XHEADER state="1">
<Title>Microsoft Robocopy</Title>
<ArchiveKey1/>
<ArchiveKey2/>
<Active>1</Active>
<OH_SubType/>
<CustomAttributes KeyListID="0" dataRequestID="0"/>
</XHEADER>
<SYNCREF state="1">
<Syncs/>
</SYNCREF>
<ATTR_JOBP state="1">
<Queue>CLIENT_QUEUE</Queue>
<ChildQueue/>
<StartType/>
<ExtRepDef>1</ExtRepDef>
<ExtRepAll>0</ExtRepAll>
<ExtRepNone>0</ExtRepNone>
<IntAccount/>
<AutoDeactNo>0</AutoDeactNo>
<AutoDeact1ErrorFree>0</AutoDeact1ErrorFree>
<AutoDeactErrorFree>1</AutoDeactErrorFree>
<DeactWhen>ANY_OK</DeactWhen>
<AutoDeactAlways>0</AutoDeactAlways>
<DeactDelay>0</DeactDelay>
<ActAtRun>1</ActAtRun>
<UC4Priority>0</UC4Priority>
<MaxParallel2>0</MaxParallel2>
<ReuseHG>1</ReuseHG>
<MpElse1>1</MpElse1>
<MpElse2>0</MpElse2>
<TZ/>
<RWhen/>
<RExecute/>
<JPA_SubType/>
</ATTR_JOBP>
<JOBP state="1">
<JobpStruct mode="design">
<task Alias="" BranchType="0" Col="1" Lnr="1" OType="&lt;START&gt;" Object="START" ParentAlias="" ParentObject="" Row="1" Text2="">
<checkpoint RollbackFlag="0" RunPerPatch="0" RunPerTarget="0" TcpADays="0" TcpATime="00:00" TcpATimeTZ="" TcpExecute="" TcpOn="0" promptatgen="0" showprompt="0"/>
<after ActFlg="1" AtimOn="0" ErlstStDays="0" ErlstStTime="00:00" ErlstStTimeTZ="" HoldFlg="0"/>
<when ChkWhenExec="0" LtstEnd="0" LtstEndDays="0" LtstEndTime="00:00" LtstSt="0" LtstStDays="0" LtstStTime="00:00" LtstTimeTZ="" WCTypeAND="1" WCTypeOR="0" WElseA="0" WElseH="0" WElseS="1" WElseX="0" WhenExecute="" WtimOn="0"/>
<preconditions>
<PreCon>
<conditions id="CONDITIONS"/>
</PreCon>
</preconditions>
<predecessors/>
<runtime MrtCancel="0" MrtDays="0" MrtErt="0" MrtExecute="0" MrtExecuteObj="" MrtFix="0" MrtMethodDate="0" MrtMethodErt="0" MrtMethodFix="0" MrtMethodNone="1" MrtOn="1" MrtTZ="" MrtTime="00:00" SrtErt="0" SrtFix="0" SrtMethodErt="0" SrtMethodFix="0" SrtMethodNone="1"/>
<result ChkRExec="0" RElseHalt="0" RElseIgn="0" RElseJPAbend="0" RExecFlag="0" RExecute="" RRepMTimes="0" RRepOn="0" RRepWait="0" RWhen=""/>
<dynvalues>
<dyntree>
<node content="1" id="PCK.CUSTOM_ROBOCOPY.PRV.PROMPTSET.MICROSOFT_ROBOCOPY" name="PCK.CUSTOM_ROBOCOPY.PRV.PROMPTSET.MICROSOFT_ROBOCOPY" parent="PPRPTS" type="PPROMPTSET">
<PROMPTSET name="PCK.CUSTOM_ROBOCOPY.PRV.PROMPTSET.MICROSOFT_ROBOCOPY">
<PRPTBOX promptset="PCK.CUSTOM_ROBOCOPY.PRV.PROMPTSET.MICROSOFT_ROBOCOPY">
<UC4RB_ROBOCOPY_DIRTIMESTAMPSs.00 ReadFromTable="OPUD" altview="0" haslist="0" msginsert="" msgnr="" promptname="UC4RB_ROBOCOPY_DIRTIMESTAMPS#" promptsetname="PCK.CUSTOM_ROBOCOPY.PRV.PROMPTSET.MICROSOFT_ROBOCOPY">YES</UC4RB_ROBOCOPY_DIRTIMESTAMPSs.00>
<UC4RB_ROBOCOPY_EMPTYSUBDIRs.00 ReadFromTable="OPUD" altview="0" haslist="0" msginsert="" msgnr="" promptname="UC4RB_ROBOCOPY_EMPTYSUBDIR#" promptsetname="PCK.CUSTOM_ROBOCOPY.PRV.PROMPTSET.MICROSOFT_ROBOCOPY">YES</UC4RB_ROBOCOPY_EMPTYSUBDIRs.00>
<UC4RB_ROBOCOPY_EXCLUDES_DIRs.00 ReadFromTable="OPUD" altview="0" haslist="0" msginsert="" msgnr="" promptname="UC4RB_ROBOCOPY_EXCLUDES_DIR#" promptsetname="PCK.CUSTOM_ROBOCOPY.PRV.PROMPTSET.MICROSOFT_ROBOCOPY"/>
<UC4RB_ROBOCOPY_EXCLUDES_FILESs.00 ReadFromTable="OPUD" altview="0" haslist="0" msginsert="" msgnr="" promptname="UC4RB_ROBOCOPY_EXCLUDES_FILES#" promptsetname="PCK.CUSTOM_ROBOCOPY.PRV.PROMPTSET.MICROSOFT_ROBOCOPY"/>
<UC4RB_ROBOCOPY_FILEFLAGSs.00 ReadFromTable="OPUD" altview="0" haslist="0" msginsert="" msgnr="" promptname="UC4RB_ROBOCOPY_FILEFLAGS#" promptsetname="PCK.CUSTOM_ROBOCOPY.PRV.PROMPTSET.MICROSOFT_ROBOCOPY">Data;Attributes;Time stamps</UC4RB_ROBOCOPY_FILEFLAGSs.00>
<UC4RB_ROBOCOPY_FILESs.00 ReadFromTable="OPUD" altview="0" haslist="0" msginsert="" msgnr="" promptname="UC4RB_ROBOCOPY_FILES#" promptsetname="PCK.CUSTOM_ROBOCOPY.PRV.PROMPTSET.MICROSOFT_ROBOCOPY">*.*</UC4RB_ROBOCOPY_FILESs.00>
<UC4RB_ROBOCOPY_FREE_OPTIONSs.00 ReadFromTable="OPUD" altview="0" haslist="0" msginsert="" msgnr="" promptname="UC4RB_ROBOCOPY_FREE_OPTIONS#" promptsetname="PCK.CUSTOM_ROBOCOPY.PRV.PROMPTSET.MICROSOFT_ROBOCOPY"/>
<UC4RB_ROBOCOPY_RETRYs.00 ReadFromTable="OPUD" altview="0" haslist="0" msginsert="" msgnr="" promptname="UC4RB_ROBOCOPY_RETRY#" promptsetname="PCK.CUSTOM_ROBOCOPY.PRV.PROMPTSET.MICROSOFT_ROBOCOPY">NO</UC4RB_ROBOCOPY_RETRYs.00>
<UC4RB_ROBOCOPY_RETRY_COUNTs.00 ReadFromTable="OPUD" altview="0" haslist="0" msginsert="" msgnr="" promptname="UC4RB_ROBOCOPY_RETRY_COUNT#" promptsetname="PCK.CUSTOM_ROBOCOPY.PRV.PROMPTSET.MICROSOFT_ROBOCOPY">3</UC4RB_ROBOCOPY_RETRY_COUNTs.00>
<UC4RB_ROBOCOPY_RETRY_WAITs.00 ReadFromTable="OPUD" altview="0" haslist="0" msginsert="" msgnr="" promptname="UC4RB_ROBOCOPY_RETRY_WAIT#" promptsetname="PCK.CUSTOM_ROBOCOPY.PRV.PROMPTSET.MICROSOFT_ROBOCOPY">30</UC4RB_ROBOCOPY_RETRY_WAITs.00>
<UC4RB_ROBOCOPY_SOURCE_DIRs.00 ReadFromTable="OPUD" altview="0" haslist="0" msginsert="" msgnr="" promptname="UC4RB_ROBOCOPY_SOURCE_DIR#" promptsetname="PCK.CUSTOM_ROBOCOPY.PRV.PROMPTSET.MICROSOFT_ROBOCOPY"/>
<UC4RB_ROBOCOPY_SUBDIRs.00 ReadFromTable="OPUD" altview="0" haslist="0" msginsert="" msgnr="" promptname="UC4RB_ROBOCOPY_SUBDIR#" promptsetname="PCK.CUSTOM_ROBOCOPY.PRV.PROMPTSET.MICROSOFT_ROBOCOPY">YES</UC4RB_ROBOCOPY_SUBDIRs.00>
<UC4RB_ROBOCOPY_SYNCs.00 ReadFromTable="OPUD" altview="0" haslist="0" msginsert="" msgnr="" promptname="UC4RB_ROBOCOPY_SYNC#" promptsetname="PCK.CUSTOM_ROBOCOPY.PRV.PROMPTSET.MICROSOFT_ROBOCOPY">Basic copy with no option</UC4RB_ROBOCOPY_SYNCs.00>
<UC4RB_ROBOCOPY_TARGET_DIRs.00 ReadFromTable="OPUD" altview="0" haslist="0" msginsert="" msgnr="" promptname="UC4RB_ROBOCOPY_TARGET_DIR#" promptsetname="PCK.CUSTOM_ROBOCOPY.PRV.PROMPTSET.MICROSOFT_ROBOCOPY"/>
<UC4RB_ROBOCOPY_VERBOSEs.00 ReadFromTable="OPUD" altview="0" haslist="0" msginsert="" msgnr="" promptname="UC4RB_ROBOCOPY_VERBOSE#" promptsetname="PCK.CUSTOM_ROBOCOPY.PRV.PROMPTSET.MICROSOFT_ROBOCOPY">YES</UC4RB_ROBOCOPY_VERBOSEs.00>
</PRPTBOX>
</PROMPTSET>
</node>
<node content="1" id="PCK.ITPA_SHARED.PRV.PROMPTSET.OVERWRITE_AGENT" name="PCK.ITPA_SHARED.PRV.PROMPTSET.OVERWRITE_AGENT" parent="PPRPTS" type="PPROMPTSET">
<PROMPTSET name="PCK.ITPA_SHARED.PRV.PROMPTSET.OVERWRITE_AGENT">
<PRPTBOX promptset="PCK.ITPA_SHARED.PRV.PROMPTSET.OVERWRITE_AGENT">
<AGENTs.00 ReadFromTable="OPUD" altview="1" haslist="0" msginsert="" msgnr="" promptname="AGENT#" promptsetname="PCK.ITPA_SHARED.PRV.PROMPTSET.OVERWRITE_AGENT">&amp;AGENT#</AGENTs.00>
<LOGINs.00 ReadFromTable="OPUD" altview="1" haslist="0" msginsert="" msgnr="" promptname="LOGIN#" promptsetname="PCK.ITPA_SHARED.PRV.PROMPTSET.OVERWRITE_AGENT">&amp;LOGIN#</LOGINs.00>
</PRPTBOX>
</PROMPTSET>
</node>
</dyntree>
</dynvalues>
<CIT/>
<calendars CCTypeAll="0" CCTypeExt="0" CCTypeNone="0" CCTypeOne="1" CaleOn="0"/>
<postconditions>
<PostCon>
<conditions id="CONDITIONS"/>
</PostCon>
</postconditions>
</task>
<task Alias="" BranchType="0" Col="2" Lnr="2" OType="JOBS" Object="PCK.CUSTOM_ROBOCOPY.PRV.JOB.MICROSOFT_ROBOCOPY@WINDOWS" ParentAlias="" ParentObject="" Row="1" Text2="">
<checkpoint RollbackFlag="0" RunPerPatch="0" RunPerTarget="0" TcpADays="0" TcpATime="00:00" TcpATimeTZ="" TcpExecute="" TcpOn="0" promptatgen="0" showprompt="0"/>
<after ActFlg="1" AtimOn="0" ErlstStDays="0" ErlstStTime="00:00" ErlstStTimeTZ="" HoldFlg="0"/>
<when ChkWhenExec="0" LtstEnd="0" LtstEndDays="0" LtstEndTime="00:00" LtstSt="0" LtstStDays="0" LtstStTime="00:00" LtstTimeTZ="" WCTypeAND="1" WCTypeOR="0" WElseA="1" WElseH="0" WElseS="0" WElseX="0" WhenExecute="" WtimOn="0"/>
<preconditions>
<PreCon>
<conditions id="CONDITIONS"/>
</PreCon>
</preconditions>
<predecessors>
<pre BranchType="0" Lnr="1" PreLnr="1" When="ANY_OK" type="container"/>
</predecessors>
<runtime MrtCancel="0" MrtDays="0" MrtErt="0" MrtExecute="0" MrtExecuteObj="" MrtFix="0" MrtMethodDate="0" MrtMethodErt="0" MrtMethodFix="0" MrtMethodNone="1" MrtOn="1" MrtTZ="" MrtTime="00:00" SrtErt="0" SrtFix="0" SrtMethodErt="0" SrtMethodFix="0" SrtMethodNone="1"/>
<result ChkRExec="0" RElseHalt="0" RElseIgn="0" RElseJPAbend="0" RExecFlag="0" RExecute="" RRepMTimes="0" RRepOn="0" RRepWait="0" RWhen=""/>
<dynvalues>
<dyntree>
<node content="1" id="VALUE" name="Variables" parent="" type="TASKVALUE">
<VALUE state="2">
<Values/>
<Mode>0</Mode>
</VALUE>
</node>
<node content="1" id="PVALUE" name="Parent Variables" parent="" type="TASKVALUE">
<VALUE state="2">
<Values/>
<Mode>0</Mode>
</VALUE>
</node>
<node content="1" id="PRPTS" name="PromptSets" parent="" pref="1" type="PROMPTSET"/>
<node content="0" id="PPRPTS" name="Parent PromptSets" parent="" type="PPROMPTSET"/>
<node content="1" id="PCK.CUSTOM_ROBOCOPY.PRV.PROMPTSET.MICROSOFT_ROBOCOPY" name="PCK.CUSTOM_ROBOCOPY.PRV.PROMPTSET.MICROSOFT_ROBOCOPY" parent="PPRPTS" type="PPROMPTSET">
<PROMPTSET name="PCK.CUSTOM_ROBOCOPY.PRV.PROMPTSET.MICROSOFT_ROBOCOPY">
<PRPTBOX promptset="PCK.CUSTOM_ROBOCOPY.PRV.PROMPTSET.MICROSOFT_ROBOCOPY">
<UC4RB_ROBOCOPY_DIRTIMESTAMPSs.00 ReadFromTable="OPUD" altview="0" haslist="0" msginsert="" msgnr="" promptname="UC4RB_ROBOCOPY_DIRTIMESTAMPS#" promptsetname="PCK.CUSTOM_ROBOCOPY.PRV.PROMPTSET.MICROSOFT_ROBOCOPY">YES</UC4RB_ROBOCOPY_DIRTIMESTAMPSs.00>
<UC4RB_ROBOCOPY_EMPTYSUBDIRs.00 ReadFromTable="OPUD" altview="0" haslist="0" msginsert="" msgnr="" promptname="UC4RB_ROBOCOPY_EMPTYSUBDIR#" promptsetname="PCK.CUSTOM_ROBOCOPY.PRV.PROMPTSET.MICROSOFT_ROBOCOPY">YES</UC4RB_ROBOCOPY_EMPTYSUBDIRs.00>
<UC4RB_ROBOCOPY_EXCLUDES_DIRs.00 ReadFromTable="OPUD" altview="0" haslist="0" msginsert="" msgnr="" promptname="UC4RB_ROBOCOPY_EXCLUDES_DIR#" promptsetname="PCK.CUSTOM_ROBOCOPY.PRV.PROMPTSET.MICROSOFT_ROBOCOPY"/>
<UC4RB_ROBOCOPY_EXCLUDES_FILESs.00 ReadFromTable="OPUD" altview="0" haslist="0" msginsert="" msgnr="" promptname="UC4RB_ROBOCOPY_EXCLUDES_FILES#" promptsetname="PCK.CUSTOM_ROBOCOPY.PRV.PROMPTSET.MICROSOFT_ROBOCOPY"/>
<UC4RB_ROBOCOPY_FILEFLAGSs.00 ReadFromTable="OPUD" altview="0" haslist="0" msginsert="" msgnr="" promptname="UC4RB_ROBOCOPY_FILEFLAGS#" promptsetname="PCK.CUSTOM_ROBOCOPY.PRV.PROMPTSET.MICROSOFT_ROBOCOPY">Data;Attributes;Time stamps</UC4RB_ROBOCOPY_FILEFLAGSs.00>
<UC4RB_ROBOCOPY_FILESs.00 ReadFromTable="OPUD" altview="0" haslist="0" msginsert="" msgnr="" promptname="UC4RB_ROBOCOPY_FILES#" promptsetname="PCK.CUSTOM_ROBOCOPY.PRV.PROMPTSET.MICROSOFT_ROBOCOPY">*.*</UC4RB_ROBOCOPY_FILESs.00>
<UC4RB_ROBOCOPY_FREE_OPTIONSs.00 ReadFromTable="OPUD" altview="0" haslist="0" msginsert="" msgnr="" promptname="UC4RB_ROBOCOPY_FREE_OPTIONS#" promptsetname="PCK.CUSTOM_ROBOCOPY.PRV.PROMPTSET.MICROSOFT_ROBOCOPY"/>
<UC4RB_ROBOCOPY_RETRYs.00 ReadFromTable="OPUD" altview="0" haslist="0" msginsert="" msgnr="" promptname="UC4RB_ROBOCOPY_RETRY#" promptsetname="PCK.CUSTOM_ROBOCOPY.PRV.PROMPTSET.MICROSOFT_ROBOCOPY">NO</UC4RB_ROBOCOPY_RETRYs.00>
<UC4RB_ROBOCOPY_RETRY_COUNTs.00 ReadFromTable="OPUD" altview="0" haslist="0" msginsert="" msgnr="" promptname="UC4RB_ROBOCOPY_RETRY_COUNT#" promptsetname="PCK.CUSTOM_ROBOCOPY.PRV.PROMPTSET.MICROSOFT_ROBOCOPY">3</UC4RB_ROBOCOPY_RETRY_COUNTs.00>
<UC4RB_ROBOCOPY_RETRY_WAITs.00 ReadFromTable="OPUD" altview="0" haslist="0" msginsert="" msgnr="" promptname="UC4RB_ROBOCOPY_RETRY_WAIT#" promptsetname="PCK.CUSTOM_ROBOCOPY.PRV.PROMPTSET.MICROSOFT_ROBOCOPY">30</UC4RB_ROBOCOPY_RETRY_WAITs.00>
<UC4RB_ROBOCOPY_SOURCE_DIRs.00 ReadFromTable="OPUD" altview="0" haslist="0" msginsert="" msgnr="" promptname="UC4RB_ROBOCOPY_SOURCE_DIR#" promptsetname="PCK.CUSTOM_ROBOCOPY.PRV.PROMPTSET.MICROSOFT_ROBOCOPY"/>
<UC4RB_ROBOCOPY_SUBDIRs.00 ReadFromTable="OPUD" altview="0" haslist="0" msginsert="" msgnr="" promptname="UC4RB_ROBOCOPY_SUBDIR#" promptsetname="PCK.CUSTOM_ROBOCOPY.PRV.PROMPTSET.MICROSOFT_ROBOCOPY">YES</UC4RB_ROBOCOPY_SUBDIRs.00>
<UC4RB_ROBOCOPY_SYNCs.00 ReadFromTable="OPUD" altview="0" haslist="0" msginsert="" msgnr="" promptname="UC4RB_ROBOCOPY_SYNC#" promptsetname="PCK.CUSTOM_ROBOCOPY.PRV.PROMPTSET.MICROSOFT_ROBOCOPY">Basic copy with no option</UC4RB_ROBOCOPY_SYNCs.00>
<UC4RB_ROBOCOPY_TARGET_DIRs.00 ReadFromTable="OPUD" altview="0" haslist="0" msginsert="" msgnr="" promptname="UC4RB_ROBOCOPY_TARGET_DIR#" promptsetname="PCK.CUSTOM_ROBOCOPY.PRV.PROMPTSET.MICROSOFT_ROBOCOPY"/>
<UC4RB_ROBOCOPY_VERBOSEs.00 ReadFromTable="OPUD" altview="0" haslist="0" msginsert="" msgnr="" promptname="UC4RB_ROBOCOPY_VERBOSE#" promptsetname="PCK.CUSTOM_ROBOCOPY.PRV.PROMPTSET.MICROSOFT_ROBOCOPY">YES</UC4RB_ROBOCOPY_VERBOSEs.00>
</PRPTBOX>
</PROMPTSET>
</node>
<node content="1" id="PCK.ITPA_SHARED.PRV.PROMPTSET.OVERWRITE_AGENT" name="PCK.ITPA_SHARED.PRV.PROMPTSET.OVERWRITE_AGENT" parent="PPRPTS" type="PPROMPTSET">
<PROMPTSET name="PCK.ITPA_SHARED.PRV.PROMPTSET.OVERWRITE_AGENT">
<PRPTBOX promptset="PCK.ITPA_SHARED.PRV.PROMPTSET.OVERWRITE_AGENT">
<AGENTs.00 ReadFromTable="OPUD" altview="1" haslist="0" msginsert="" msgnr="" promptname="AGENT#" promptsetname="PCK.ITPA_SHARED.PRV.PROMPTSET.OVERWRITE_AGENT">&amp;AGENT#</AGENTs.00>
<LOGINs.00 ReadFromTable="OPUD" altview="1" haslist="0" msginsert="" msgnr="" promptname="LOGIN#" promptsetname="PCK.ITPA_SHARED.PRV.PROMPTSET.OVERWRITE_AGENT">&amp;LOGIN#</LOGINs.00>
</PRPTBOX>
</PROMPTSET>
</node>
</dyntree>
</dynvalues>
<CIT/>
<calendars CCTypeAll="0" CCTypeExt="0" CCTypeNone="0" CCTypeOne="1" CaleOn="0"/>
<postconditions>
<PostCon>
<conditions id="CONDITIONS"/>
</PostCon>
</postconditions>
</task>
<task Alias="" BranchType="0" Col="3" Lnr="3" OType="&lt;END&gt;" Object="END" ParentAlias="" ParentObject="" Row="1" Text2="">
<checkpoint RollbackFlag="0" RunPerPatch="0" RunPerTarget="0" TcpADays="0" TcpATime="00:00" TcpATimeTZ="" TcpExecute="" TcpOn="0" promptatgen="0" showprompt="0"/>
<after ActFlg="1" AtimOn="0" ErlstStDays="0" ErlstStTime="00:00" ErlstStTimeTZ="" HoldFlg="0"/>
<when ChkWhenExec="0" LtstEnd="0" LtstEndDays="0" LtstEndTime="00:00" LtstSt="0" LtstStDays="0" LtstStTime="00:00" LtstTimeTZ="" WCTypeAND="1" WCTypeOR="0" WElseA="1" WElseH="0" WElseS="0" WElseX="0" WhenExecute="" WtimOn="0"/>
<preconditions>
<PreCon>
<conditions id="CONDITIONS"/>
</PreCon>
</preconditions>
<predecessors>
<pre BranchType="0" Lnr="1" PreLnr="2" When="ANY_OK" type="container"/>
</predecessors>
<runtime MrtCancel="0" MrtDays="0" MrtErt="0" MrtExecute="0" MrtExecuteObj="" MrtFix="0" MrtMethodDate="0" MrtMethodErt="0" MrtMethodFix="0" MrtMethodNone="1" MrtOn="1" MrtTZ="" MrtTime="00:00" SrtErt="0" SrtFix="0" SrtMethodErt="0" SrtMethodFix="0" SrtMethodNone="1"/>
<result ChkRExec="0" RElseHalt="0" RElseIgn="0" RElseJPAbend="0" RExecFlag="0" RExecute="" RRepMTimes="0" RRepOn="0" RRepWait="0" RWhen=""/>
<dynvalues>
<dyntree>
<node content="1" id="PCK.CUSTOM_ROBOCOPY.PRV.PROMPTSET.MICROSOFT_ROBOCOPY" name="PCK.CUSTOM_ROBOCOPY.PRV.PROMPTSET.MICROSOFT_ROBOCOPY" parent="PPRPTS" type="PPROMPTSET">
<PROMPTSET name="PCK.CUSTOM_ROBOCOPY.PRV.PROMPTSET.MICROSOFT_ROBOCOPY">
<PRPTBOX promptset="PCK.CUSTOM_ROBOCOPY.PRV.PROMPTSET.MICROSOFT_ROBOCOPY">
<UC4RB_ROBOCOPY_DIRTIMESTAMPSs.00 ReadFromTable="OPUD" altview="0" haslist="0" msginsert="" msgnr="" promptname="UC4RB_ROBOCOPY_DIRTIMESTAMPS#" promptsetname="PCK.CUSTOM_ROBOCOPY.PRV.PROMPTSET.MICROSOFT_ROBOCOPY">YES</UC4RB_ROBOCOPY_DIRTIMESTAMPSs.00>
<UC4RB_ROBOCOPY_EMPTYSUBDIRs.00 ReadFromTable="OPUD" altview="0" haslist="0" msginsert="" msgnr="" promptname="UC4RB_ROBOCOPY_EMPTYSUBDIR#" promptsetname="PCK.CUSTOM_ROBOCOPY.PRV.PROMPTSET.MICROSOFT_ROBOCOPY">YES</UC4RB_ROBOCOPY_EMPTYSUBDIRs.00>
<UC4RB_ROBOCOPY_EXCLUDES_DIRs.00 ReadFromTable="OPUD" altview="0" haslist="0" msginsert="" msgnr="" promptname="UC4RB_ROBOCOPY_EXCLUDES_DIR#" promptsetname="PCK.CUSTOM_ROBOCOPY.PRV.PROMPTSET.MICROSOFT_ROBOCOPY"/>
<UC4RB_ROBOCOPY_EXCLUDES_FILESs.00 ReadFromTable="OPUD" altview="0" haslist="0" msginsert="" msgnr="" promptname="UC4RB_ROBOCOPY_EXCLUDES_FILES#" promptsetname="PCK.CUSTOM_ROBOCOPY.PRV.PROMPTSET.MICROSOFT_ROBOCOPY"/>
<UC4RB_ROBOCOPY_FILEFLAGSs.00 ReadFromTable="OPUD" altview="0" haslist="0" msginsert="" msgnr="" promptname="UC4RB_ROBOCOPY_FILEFLAGS#" promptsetname="PCK.CUSTOM_ROBOCOPY.PRV.PROMPTSET.MICROSOFT_ROBOCOPY">Data;Attributes;Time stamps</UC4RB_ROBOCOPY_FILEFLAGSs.00>
<UC4RB_ROBOCOPY_FILESs.00 ReadFromTable="OPUD" altview="0" haslist="0" msginsert="" msgnr="" promptname="UC4RB_ROBOCOPY_FILES#" promptsetname="PCK.CUSTOM_ROBOCOPY.PRV.PROMPTSET.MICROSOFT_ROBOCOPY">*.*</UC4RB_ROBOCOPY_FILESs.00>
<UC4RB_ROBOCOPY_FREE_OPTIONSs.00 ReadFromTable="OPUD" altview="0" haslist="0" msginsert="" msgnr="" promptname="UC4RB_ROBOCOPY_FREE_OPTIONS#" promptsetname="PCK.CUSTOM_ROBOCOPY.PRV.PROMPTSET.MICROSOFT_ROBOCOPY"/>
<UC4RB_ROBOCOPY_RETRYs.00 ReadFromTable="OPUD" altview="0" haslist="0" msginsert="" msgnr="" promptname="UC4RB_ROBOCOPY_RETRY#" promptsetname="PCK.CUSTOM_ROBOCOPY.PRV.PROMPTSET.MICROSOFT_ROBOCOPY">NO</UC4RB_ROBOCOPY_RETRYs.00>
<UC4RB_ROBOCOPY_RETRY_COUNTs.00 ReadFromTable="OPUD" altview="0" haslist="0" msginsert="" msgnr="" promptname="UC4RB_ROBOCOPY_RETRY_COUNT#" promptsetname="PCK.CUSTOM_ROBOCOPY.PRV.PROMPTSET.MICROSOFT_ROBOCOPY">3</UC4RB_ROBOCOPY_RETRY_COUNTs.00>
<UC4RB_ROBOCOPY_RETRY_WAITs.00 ReadFromTable="OPUD" altview="0" haslist="0" msginsert="" msgnr="" promptname="UC4RB_ROBOCOPY_RETRY_WAIT#" promptsetname="PCK.CUSTOM_ROBOCOPY.PRV.PROMPTSET.MICROSOFT_ROBOCOPY">30</UC4RB_ROBOCOPY_RETRY_WAITs.00>
<UC4RB_ROBOCOPY_SOURCE_DIRs.00 ReadFromTable="OPUD" altview="0" haslist="0" msginsert="" msgnr="" promptname="UC4RB_ROBOCOPY_SOURCE_DIR#" promptsetname="PCK.CUSTOM_ROBOCOPY.PRV.PROMPTSET.MICROSOFT_ROBOCOPY"/>
<UC4RB_ROBOCOPY_SUBDIRs.00 ReadFromTable="OPUD" altview="0" haslist="0" msginsert="" msgnr="" promptname="UC4RB_ROBOCOPY_SUBDIR#" promptsetname="PCK.CUSTOM_ROBOCOPY.PRV.PROMPTSET.MICROSOFT_ROBOCOPY">YES</UC4RB_ROBOCOPY_SUBDIRs.00>
<UC4RB_ROBOCOPY_SYNCs.00 ReadFromTable="OPUD" altview="0" haslist="0" msginsert="" msgnr="" promptname="UC4RB_ROBOCOPY_SYNC#" promptsetname="PCK.CUSTOM_ROBOCOPY.PRV.PROMPTSET.MICROSOFT_ROBOCOPY">Basic copy with no option</UC4RB_ROBOCOPY_SYNCs.00>
<UC4RB_ROBOCOPY_TARGET_DIRs.00 ReadFromTable="OPUD" altview="0" haslist="0" msginsert="" msgnr="" promptname="UC4RB_ROBOCOPY_TARGET_DIR#" promptsetname="PCK.CUSTOM_ROBOCOPY.PRV.PROMPTSET.MICROSOFT_ROBOCOPY"/>
<UC4RB_ROBOCOPY_VERBOSEs.00 ReadFromTable="OPUD" altview="0" haslist="0" msginsert="" msgnr="" promptname="UC4RB_ROBOCOPY_VERBOSE#" promptsetname="PCK.CUSTOM_ROBOCOPY.PRV.PROMPTSET.MICROSOFT_ROBOCOPY">YES</UC4RB_ROBOCOPY_VERBOSEs.00>
</PRPTBOX>
</PROMPTSET>
</node>
<node content="1" id="PCK.ITPA_SHARED.PRV.PROMPTSET.OVERWRITE_AGENT" name="PCK.ITPA_SHARED.PRV.PROMPTSET.OVERWRITE_AGENT" parent="PPRPTS" type="PPROMPTSET">
<PROMPTSET name="PCK.ITPA_SHARED.PRV.PROMPTSET.OVERWRITE_AGENT">
<PRPTBOX promptset="PCK.ITPA_SHARED.PRV.PROMPTSET.OVERWRITE_AGENT">
<AGENTs.00 ReadFromTable="OPUD" altview="1" haslist="0" msginsert="" msgnr="" promptname="AGENT#" promptsetname="PCK.ITPA_SHARED.PRV.PROMPTSET.OVERWRITE_AGENT">&amp;AGENT#</AGENTs.00>
<LOGINs.00 ReadFromTable="OPUD" altview="1" haslist="0" msginsert="" msgnr="" promptname="LOGIN#" promptsetname="PCK.ITPA_SHARED.PRV.PROMPTSET.OVERWRITE_AGENT">&amp;LOGIN#</LOGINs.00>
</PRPTBOX>
</PROMPTSET>
</node>
</dyntree>
</dynvalues>
<CIT/>
<calendars CCTypeAll="0" CCTypeExt="0" CCTypeNone="0" CCTypeOne="1" CaleOn="0"/>
<postconditions>
<PostCon>
<conditions id="CONDITIONS"/>
</PostCon>
</postconditions>
</task>
<OPTIONS/>
</JobpStruct>
</JOBP>
<RUNTIME state="1">
<MaxRetCode>0</MaxRetCode>
<MrcExecute/>
<MrcElseE>0</MrcElseE>
<FcstStatus>0| |</FcstStatus>
<Ert>6</Ert>
<ErtMethodDef>1</ErtMethodDef>
<ErtMethodFix>0</ErtMethodFix>
<ErtFix>0</ErtFix>
<ErtDynMethod>2|Average</ErtDynMethod>
<ErtMethodDyn>0</ErtMethodDyn>
<ErtCnt>0</ErtCnt>
<ErtCorr>0</ErtCorr>
<ErtIgn>0</ErtIgn>
<ErtIgnFlg>0</ErtIgnFlg>
<ErtMinCnt>0</ErtMinCnt>
<MrtMethodNone>1</MrtMethodNone>
<MrtMethodFix>0</MrtMethodFix>
<MrtFix>0</MrtFix>
<MrtMethodErt>0</MrtMethodErt>
<MrtErt>0</MrtErt>
<MrtMethodDate>0</MrtMethodDate>
<MrtDays>0</MrtDays>
<MrtTime>00:00</MrtTime>
<MrtTZ/>
<SrtMethodNone>1</SrtMethodNone>
<SrtMethodFix>0</SrtMethodFix>
<SrtFix>0</SrtFix>
<SrtMethodErt>0</SrtMethodErt>
<SrtErt>0</SrtErt>
<MrtCancel>0</MrtCancel>
<MrtExecute>0</MrtExecute>
<MrtExecuteObj/>
</RUNTIME>
<DYNVALUES state="1">
<dyntree>
<node content="1" id="VALUE" name="Variables" parent="" type="VALUE">
<VALUE state="1">
<Values/>
<Mode>0</Mode>
</VALUE>
</node>
<node content="1" id="PCK.CUSTOM_ROBOCOPY.PRV.PROMPTSET.MICROSOFT_ROBOCOPY" name="PCK.CUSTOM_ROBOCOPY.PRV.PROMPTSET.MICROSOFT_ROBOCOPY" parent="PRPTS" type="PROMPTSET">
<PROMPTSET name="PCK.CUSTOM_ROBOCOPY.PRV.PROMPTSET.MICROSOFT_ROBOCOPY" ontop="1">
<PRPTBOX promptset="PCK.CUSTOM_ROBOCOPY.PRV.PROMPTSET.MICROSOFT_ROBOCOPY" prptmode="1">
<UC4RB_ROBOCOPY_SOURCE_DIRs.00 altview="0" haslist="0"/>
<UC4RB_ROBOCOPY_TARGET_DIRs.00 altview="0" haslist="0"/>
<UC4RB_ROBOCOPY_FILESs.00 altview="0" haslist="0">*.*</UC4RB_ROBOCOPY_FILESs.00>
<UC4RB_ROBOCOPY_EXCLUDES_FILESs.00 altview="0" haslist="0"/>
<UC4RB_ROBOCOPY_EXCLUDES_DIRs.00 altview="0" haslist="0"/>
<UC4RB_ROBOCOPY_SUBDIRs.00 altview="0" haslist="0">YES</UC4RB_ROBOCOPY_SUBDIRs.00>
<UC4RB_ROBOCOPY_EMPTYSUBDIRs.00 altview="0" haslist="0">YES</UC4RB_ROBOCOPY_EMPTYSUBDIRs.00>
<UC4RB_ROBOCOPY_FILEFLAGSs.00 altview="0" haslist="0">Data;Attributes;Time stamps</UC4RB_ROBOCOPY_FILEFLAGSs.00>
<UC4RB_ROBOCOPY_DIRTIMESTAMPSs.00 altview="0" haslist="0">YES</UC4RB_ROBOCOPY_DIRTIMESTAMPSs.00>
<UC4RB_ROBOCOPY_SYNCs.00 altview="0" haslist="0">Basic copy with no option</UC4RB_ROBOCOPY_SYNCs.00>
<UC4RB_ROBOCOPY_RETRYs.00 altview="0" haslist="0">NO</UC4RB_ROBOCOPY_RETRYs.00>
<UC4RB_ROBOCOPY_RETRY_COUNTs.00 altview="0" haslist="0">3</UC4RB_ROBOCOPY_RETRY_COUNTs.00>
<UC4RB_ROBOCOPY_RETRY_WAITs.00 altview="0" haslist="0">30</UC4RB_ROBOCOPY_RETRY_WAITs.00>
<UC4RB_ROBOCOPY_VERBOSEs.00 altview="0" haslist="0">YES</UC4RB_ROBOCOPY_VERBOSEs.00>
<UC4RB_ROBOCOPY_FREE_OPTIONSs.00 altview="0" haslist="0"/>
</PRPTBOX>
</PROMPTSET>
</node>
<node content="1" id="PCK.ITPA_SHARED.PRV.PROMPTSET.OVERWRITE_AGENT" name="PCK.ITPA_SHARED.PRV.PROMPTSET.OVERWRITE_AGENT" parent="PRPTS" type="PROMPTSET">
<PROMPTSET name="PCK.ITPA_SHARED.PRV.PROMPTSET.OVERWRITE_AGENT" ontop="1">
<PRPTBOX promptset="PCK.ITPA_SHARED.PRV.PROMPTSET.OVERWRITE_AGENT" prptmode="1">
<AGENTs.00 altview="1" haslist="0">&amp;AGENT#</AGENTs.00>
<LOGINs.00 altview="1" haslist="0">&amp;LOGIN#</LOGINs.00>
</PRPTBOX>
</PROMPTSET>
</node>
</dyntree>
</DYNVALUES>
<DEPLOYMENT state="1">
<DeploymentFlag>0</DeploymentFlag>
<WFTypeA>1</WFTypeA>
<WFTypeC>0</WFTypeC>
<AppName/>
<WFName/>
<ComponentName/>
</DEPLOYMENT>
<ROLLBACK state="1">
<RollbackFlag>0</RollbackFlag>
<CBackupObj/>
<CRollbackObj/>
<FBackupPath/>
<FDeleteBefore>0</FDeleteBefore>
<FInclSubDirs>0</FInclSubDirs>
</ROLLBACK>
<SCRIPT mode="1" state="1">
<MSCRI/>
</SCRIPT>
<DOCU_Docu state="1" type="text">
<DOC><![CDATA[Applies To: Windows Server 2008, Windows 7, Windows Server 2008 R2, Windows Server 2012, Windows 8

Copies file data from source directory to destination directory. the Robocopy Action support the more popular robocopy options below 

__________________________

/s : Copies subdirectories. Note that this option excludes empty directories.

/e : Copies subdirectories. Note that this option includes empty directories. For additional information, seeRemarks.

/copy:<CopyFlags> : Specifies the file properties to be copied. The following are the valid values for this option:
D Data
A Attributes
T Time stamps
S NTFS access control list (ACL)
O Owner information
U Auditing information
The default value for Copy Flags is DAT(data, attributes, and time stamps).

/dcopy:T : Copies directory time stamps.

/purge :Deletes destination files and directories that no longer exist in the source. For additional information, seeRemarks.

/mir : Mirrors a directory tree (equivalent to/eplus/purge). For additional information, seeRemarks.

/mov :Moves files, and deletes them from the source after they are copied.

/move : Moves files and directories, and deletes them from the source after they are copied.

/xf <FileName>[ ...] : Excludes files that match the specified names or paths. Note thatFileNamecan include wildcard characters (*and?).

/xd <Directory>[ ...] : Excludes directories that match the specified names and paths.

/r /w : Retry (number and wait time)

_______________

use the field "Additionnal Options" If you need Options not supported by default like  /xct /xn, /xo, /xx... See Microsoft documentation for the complete list of Robocopy Options and syntax.]]></DOC>
</DOCU_Docu>
</JOBP>
<JOBS_UNIX AttrType="UNIX" name="PCK.CUSTOM_ROBOCOPY.PRV.JOB.MICROSOFT_ROBOCOPY@UNIX">
<XHEADER state="1">
<Title/>
<ArchiveKey1/>
<ArchiveKey2/>
<Active>1</Active>
<OH_SubType/>
<CustomAttributes KeyListID="0" dataRequestID="0"/>
</XHEADER>
<OUTPUTREG state="1">
<FileReg/>
</OUTPUTREG>
<SYNCREF state="1">
<Syncs/>
</SYNCREF>
<ATTR_JOBS state="1">
<Queue>CLIENT_QUEUE</Queue>
<StartType/>
<HostDst>|&lt;UNIX&gt;|HOST</HostDst>
<HostATTR_Type>UNIX</HostATTR_Type>
<CodeName/>
<Login/>
<IntAccount/>
<ExtRepDef>1</ExtRepDef>
<ExtRepAll>0</ExtRepAll>
<ExtRepNone>0</ExtRepNone>
<AutoDeactNo>1</AutoDeactNo>
<AutoDeact1ErrorFree>0</AutoDeact1ErrorFree>
<AutoDeactErrorFree>0</AutoDeactErrorFree>
<DeactWhen/>
<DeactDelay>0</DeactDelay>
<AutoDeactAlways>0</AutoDeactAlways>
<AttDialog>0</AttDialog>
<ActAtRun>1</ActAtRun>
<Consumption>0</Consumption>
<UC4Priority>0</UC4Priority>
<MaxParallel2>0</MaxParallel2>
<MpElse1>1</MpElse1>
<MpElse2>0</MpElse2>
<TZ/>
</ATTR_JOBS>
<ATTR_UNIX state="1">
<OutputDb>1</OutputDb>
<OutputDbErr>0</OutputDbErr>
<OutputFile>0</OutputFile>
<ShellScript>1</ShellScript>
<Command>0</Command>
<Priority>0</Priority>
<Shell/>
<ShellOptions/>
<Com/>
</ATTR_UNIX>
<RUNTIME state="1">
<MaxRetCode>0</MaxRetCode>
<MrcExecute/>
<MrcElseE>0</MrcElseE>
<FcstStatus>0| |</FcstStatus>
<Ert>0</Ert>
<ErtMethodDef>1</ErtMethodDef>
<ErtMethodFix>0</ErtMethodFix>
<ErtFix>0</ErtFix>
<ErtDynMethod>2|Average</ErtDynMethod>
<ErtMethodDyn>0</ErtMethodDyn>
<ErtCnt>0</ErtCnt>
<ErtCorr>0</ErtCorr>
<ErtIgn>0</ErtIgn>
<ErtIgnFlg>0</ErtIgnFlg>
<ErtMinCnt>0</ErtMinCnt>
<MrtMethodNone>1</MrtMethodNone>
<MrtMethodFix>0</MrtMethodFix>
<MrtFix>0</MrtFix>
<MrtMethodErt>0</MrtMethodErt>
<MrtErt>0</MrtErt>
<MrtMethodDate>0</MrtMethodDate>
<MrtDays>0</MrtDays>
<MrtTime>00:00</MrtTime>
<MrtTZ/>
<SrtMethodNone>1</SrtMethodNone>
<SrtMethodFix>0</SrtMethodFix>
<SrtFix>0</SrtFix>
<SrtMethodErt>0</SrtMethodErt>
<SrtErt>0</SrtErt>
<MrtCancel>0</MrtCancel>
<MrtExecute>0</MrtExecute>
<MrtExecuteObj/>
</RUNTIME>
<DYNVALUES state="1">
<dyntree>
<node content="1" id="VALUE" name="Variables" parent="" type="VALUE">
<VALUE state="1">
<Values/>
<Mode>0</Mode>
</VALUE>
</node>
</dyntree>
</DYNVALUES>
<ROLLBACK state="1">
<RollbackFlag>0</RollbackFlag>
<CBackupObj/>
<CRollbackObj/>
<FBackupPath/>
<FDeleteBefore>0</FDeleteBefore>
<FInclSubDirs>0</FInclSubDirs>
</ROLLBACK>
<PRE_SCRIPT mode="1" replacementmode="1" state="1">
<PSCRI><![CDATA[:INCLUDE PCK.ITPA_SHARED.PRV.INCLUDE.PREPARE_JOB]]></PSCRI>
</PRE_SCRIPT>
<SCRIPT mode="1" state="1">
<MSCRI/>
</SCRIPT>
<OUTPUTSCAN state="1">
<Inherit>N</Inherit>
<filterobjects/>
<HostFsc/>
<LoginFsc/>
</OUTPUTSCAN>
<POST_SCRIPT mode="1" replacementmode="1" state="1">
<OSCRI/>
</POST_SCRIPT>
<DOCU_Docu state="1" type="text">
<DOC/>
</DOCU_Docu>
</JOBS_UNIX>
<JOBS_WINDOWS AttrType="WINDOWS" name="PCK.CUSTOM_ROBOCOPY.PRV.JOB.MICROSOFT_ROBOCOPY@WINDOWS">
<XHEADER state="1">
<Title/>
<ArchiveKey1/>
<ArchiveKey2/>
<Active>1</Active>
<OH_SubType/>
<CustomAttributes KeyListID="0" dataRequestID="0"/>
</XHEADER>
<OUTPUTREG state="1">
<FileReg/>
</OUTPUTREG>
<SYNCREF state="1">
<Syncs/>
</SYNCREF>
<ATTR_JOBS state="1">
<Queue>CLIENT_QUEUE</Queue>
<StartType/>
<HostDst>|&lt;WIN&gt;|HOST</HostDst>
<HostATTR_Type>WINDOWS</HostATTR_Type>
<CodeName/>
<Login/>
<IntAccount/>
<ExtRepDef>1</ExtRepDef>
<ExtRepAll>0</ExtRepAll>
<ExtRepNone>0</ExtRepNone>
<AutoDeactNo>1</AutoDeactNo>
<AutoDeact1ErrorFree>0</AutoDeact1ErrorFree>
<AutoDeactErrorFree>0</AutoDeactErrorFree>
<DeactWhen/>
<DeactDelay>0</DeactDelay>
<AutoDeactAlways>0</AutoDeactAlways>
<AttDialog>0</AttDialog>
<ActAtRun>1</ActAtRun>
<Consumption>0</Consumption>
<UC4Priority>0</UC4Priority>
<MaxParallel2>0</MaxParallel2>
<MpElse1>1</MpElse1>
<MpElse2>0</MpElse2>
<TZ/>
</ATTR_JOBS>
<ATTR_WINDOWS state="1">
<OutputDb>1</OutputDb>
<OutputDbErr>0</OutputDbErr>
<OutputFile>0</OutputFile>
<IsGenerated>0</IsGenerated>
<BAT>1</BAT>
<COM>0</COM>
<WinBatch>0</WinBatch>
<Standard>1</Standard>
<Minimized>0</Minimized>
<Maximized>0</Maximized>
<JObjDefault>1</JObjDefault>
<JObjYes>0</JObjYes>
<JObjNo>0</JObjNo>
<WorkingDirectory>c:\</WorkingDirectory>
<Command/>
<LogOn>0</LogOn>
<ShowJob>0</ShowJob>
</ATTR_WINDOWS>
<RUNTIME state="1">
<MaxRetCode>0</MaxRetCode>
<MrcExecute/>
<MrcElseE>0</MrcElseE>
<FcstStatus>0| |</FcstStatus>
<Ert>2</Ert>
<ErtMethodDef>1</ErtMethodDef>
<ErtMethodFix>0</ErtMethodFix>
<ErtFix>0</ErtFix>
<ErtDynMethod>2|Average</ErtDynMethod>
<ErtMethodDyn>0</ErtMethodDyn>
<ErtCnt>0</ErtCnt>
<ErtCorr>0</ErtCorr>
<ErtIgn>0</ErtIgn>
<ErtIgnFlg>0</ErtIgnFlg>
<ErtMinCnt>0</ErtMinCnt>
<MrtMethodNone>1</MrtMethodNone>
<MrtMethodFix>0</MrtMethodFix>
<MrtFix>0</MrtFix>
<MrtMethodErt>0</MrtMethodErt>
<MrtErt>0</MrtErt>
<MrtMethodDate>0</MrtMethodDate>
<MrtDays>0</MrtDays>
<MrtTime>00:00</MrtTime>
<MrtTZ/>
<SrtMethodNone>1</SrtMethodNone>
<SrtMethodFix>0</SrtMethodFix>
<SrtFix>0</SrtFix>
<SrtMethodErt>0</SrtMethodErt>
<SrtErt>0</SrtErt>
<MrtCancel>0</MrtCancel>
<MrtExecute>0</MrtExecute>
<MrtExecuteObj/>
</RUNTIME>
<DYNVALUES state="1">
<dyntree>
<node content="1" id="VALUE" name="Variables" parent="" type="VALUE">
<VALUE state="1">
<Values/>
<Mode>0</Mode>
</VALUE>
</node>
</dyntree>
</DYNVALUES>
<ROLLBACK state="1">
<RollbackFlag>0</RollbackFlag>
<CBackupObj/>
<CRollbackObj/>
<FBackupPath/>
<FDeleteBefore>0</FDeleteBefore>
<FInclSubDirs>0</FInclSubDirs>
</ROLLBACK>
<PRE_SCRIPT mode="1" replacementmode="1" state="1">
<PSCRI><![CDATA[:INCLUDE PCK.ITPA_SHARED.PRV.INCLUDE.PREPARE_JOB]]></PSCRI>
</PRE_SCRIPT>
<SCRIPT mode="1" state="1">
<MSCRI><![CDATA[:SET &UC4RB_CONVERTED_STRING# = &UC4RB_ROBOCOPY_SOURCE_DIR#
:INCLUDE PCK.ITPA_SHARED.PRV.INCLUDE.CONVERT_SLASHES_WINDOWS_STYLE
:SET &UC4RB_ROBOCOPY_SOURCE_DIR# = &UC4RB_CONVERTED_STRING#

:SET &UC4RB_CONVERTED_STRING# = &UC4RB_ROBOCOPY_TARGET_DIR#
:INCLUDE PCK.ITPA_SHARED.PRV.INCLUDE.CONVERT_SLASHES_WINDOWS_STYLE
:SET &UC4RB_ROBOCOPY_TARGET_DIR# = &UC4RB_CONVERTED_STRING#

:INCLUDE PCK.ITPA_SHARED.PRV.INCLUDE.CHANGE_DIRECTORY_TO_AGENT_BIN

@echo off
:INCLUDE PCK.ITPA_SHARED.PRV.INCLUDE.LOGGING.HEADER.PARAM_VALIDATION


:SET &UC4RB_LOGGING_PARAMETER# = "Source dir"
:INCLUDE PCK.ITPA_SHARED.PRV.INCLUDE.LOGGING.PARAM &UC4RB_LOGGING_PARAMETER_VAL# = &UC4RB_ROBOCOPY_SOURCE_DIR#
:SET &UC4RB_LOGGING_PARAMETER# = "Target dir"
:INCLUDE PCK.ITPA_SHARED.PRV.INCLUDE.LOGGING.PARAM &UC4RB_LOGGING_PARAMETER_VAL# = &UC4RB_ROBOCOPY_TARGET_DIR#
:SET &UC4RB_LOGGING_PARAMETER# = "File(s)"
:INCLUDE PCK.ITPA_SHARED.PRV.INCLUDE.LOGGING.PARAM &UC4RB_LOGGING_PARAMETER_VAL# = &UC4RB_ROBOCOPY_FILES#
:SET &UC4RB_LOGGING_PARAMETER# = "Excludes files"
:INCLUDE PCK.ITPA_SHARED.PRV.INCLUDE.LOGGING.PARAM &UC4RB_LOGGING_PARAMETER_VAL# = &UC4RB_ROBOCOPY_EXCLUDES_FILES#
:SET &UC4RB_LOGGING_PARAMETER# = "Excludes directories"
:INCLUDE PCK.ITPA_SHARED.PRV.INCLUDE.LOGGING.PARAM &UC4RB_LOGGING_PARAMETER_VAL# = &UC4RB_ROBOCOPY_EXCLUDES_DIR#
:SET &UC4RB_LOGGING_PARAMETER# = "Copies subdirectories"
:INCLUDE PCK.ITPA_SHARED.PRV.INCLUDE.LOGGING.PARAM &UC4RB_LOGGING_PARAMETER_VAL# = &UC4RB_ROBOCOPY_SUBDIR#
:SET &UC4RB_LOGGING_PARAMETER# = "Copies empty subdirectories"
:INCLUDE PCK.ITPA_SHARED.PRV.INCLUDE.LOGGING.PARAM &UC4RB_LOGGING_PARAMETER_VAL# = &UC4RB_ROBOCOPY_EMPTYSUBDIR#
:SET &UC4RB_LOGGING_PARAMETER# = "Copy files attributes"
:INCLUDE PCK.ITPA_SHARED.PRV.INCLUDE.LOGGING.PARAM &UC4RB_LOGGING_PARAMETER_VAL# = &UC4RB_ROBOCOPY_FILEFLAGS#
:SET &UC4RB_LOGGING_PARAMETER# = "Copies directory time stamps"
:INCLUDE PCK.ITPA_SHARED.PRV.INCLUDE.LOGGING.PARAM &UC4RB_LOGGING_PARAMETER_VAL# = &UC4RB_ROBOCOPY_DIRTIMESTAMPS#
:SET &UC4RB_LOGGING_PARAMETER# = "Retry Synchronization options"
:INCLUDE PCK.ITPA_SHARED.PRV.INCLUDE.LOGGING.PARAM &UC4RB_LOGGING_PARAMETER_VAL# = &UC4RB_ROBOCOPY_SYNC#
:SET &UC4RB_LOGGING_PARAMETER# = "retry"
:INCLUDE PCK.ITPA_SHARED.PRV.INCLUDE.LOGGING.PARAM &UC4RB_LOGGING_PARAMETER_VAL# = &UC4RB_ROBOCOPY_RETRY#
:SET &UC4RB_LOGGING_PARAMETER# = "Number of retries"
:INCLUDE PCK.ITPA_SHARED.PRV.INCLUDE.LOGGING.PARAM &UC4RB_LOGGING_PARAMETER_VAL# = &UC4RB_ROBOCOPY_RETRY_COUNT#
:SET &UC4RB_LOGGING_PARAMETER# = "Wait time between retries"
:INCLUDE PCK.ITPA_SHARED.PRV.INCLUDE.LOGGING.PARAM &UC4RB_LOGGING_PARAMETER_VAL# = &UC4RB_ROBOCOPY_RETRY_WAIT#
:SET &UC4RB_LOGGING_PARAMETER# = "Verbose"
:INCLUDE PCK.ITPA_SHARED.PRV.INCLUDE.LOGGING.PARAM &UC4RB_LOGGING_PARAMETER_VAL# = &UC4RB_ROBOCOPY_VERBOSE#
:SET &UC4RB_LOGGING_PARAMETER# = "Other options"
:INCLUDE PCK.ITPA_SHARED.PRV.INCLUDE.LOGGING.PARAM &UC4RB_LOGGING_PARAMETER_VAL# = &UC4RB_ROBOCOPY_FREE_OPTIONS#



set /a errors=0 > nul
:SET &UC4RB_PV_ERRORS# = 0

:SET &UC4RB_LOGGING_PARAMETER# = "Source dir"
:INCLUDE PCK.ITPA_SHARED.PRV.INCLUDE.CHECK_PARAM_VALIDITY &INPUT_PARAM# = &UC4RB_ROBOCOPY_SOURCE_DIR#
:SET &UC4RB_LOGGING_PARAMETER# = "Target dir"
:INCLUDE PCK.ITPA_SHARED.PRV.INCLUDE.CHECK_PARAM_VALIDITY &INPUT_PARAM# = &UC4RB_ROBOCOPY_TARGET_DIR#
:SET &UC4RB_LOGGING_PARAMETER# = "File(s)"
:INCLUDE PCK.ITPA_SHARED.PRV.INCLUDE.CHECK_PARAM_VALIDITY &INPUT_PARAM# = &UC4RB_ROBOCOPY_FILES#
:SET &UC4RB_LOGGING_PARAMETER# = "Excudes files"
:INCLUDE PCK.ITPA_SHARED.PRV.INCLUDE.CHECK_PARAM_VALIDITY &INPUT_PARAM# = &UC4RB_ROBOCOPY_EXCLUDES_FILES#
:SET &UC4RB_LOGGING_PARAMETER# = "Excludes directories"
:INCLUDE PCK.ITPA_SHARED.PRV.INCLUDE.CHECK_PARAM_VALIDITY &INPUT_PARAM# = &UC4RB_ROBOCOPY_EXCLUDES_DIR#
:SET &UC4RB_LOGGING_PARAMETER# = "Copies subdirectories"
:INCLUDE PCK.ITPA_SHARED.PRV.INCLUDE.CHECK_PARAM_VALIDITY &INPUT_PARAM# = &UC4RB_ROBOCOPY_SUBDIR#
:SET &UC4RB_LOGGING_PARAMETER# = "Copies empty subdirectories"
:INCLUDE PCK.ITPA_SHARED.PRV.INCLUDE.CHECK_PARAM_VALIDITY &INPUT_PARAM# = &UC4RB_ROBOCOPY_EMPTYSUBDIR#
:SET &UC4RB_LOGGING_PARAMETER# = "Copy files attributes"
:INCLUDE PCK.ITPA_SHARED.PRV.INCLUDE.CHECK_PARAM_VALIDITY &INPUT_PARAM# = &UC4RB_ROBOCOPY_FILEFLAGS#
:SET &UC4RB_LOGGING_PARAMETER# = "Copies directory time stamps"
:INCLUDE PCK.ITPA_SHARED.PRV.INCLUDE.CHECK_PARAM_VALIDITY &INPUT_PARAM# = &UC4RB_ROBOCOPY_DIRTIMESTAMPS#
:SET &UC4RB_LOGGING_PARAMETER# = "Retry Synchronization options"
:INCLUDE PCK.ITPA_SHARED.PRV.INCLUDE.CHECK_PARAM_VALIDITY &INPUT_PARAM# = &UC4RB_ROBOCOPY_SYNC#
:SET &UC4RB_LOGGING_PARAMETER# = "Retry"
:INCLUDE PCK.ITPA_SHARED.PRV.INCLUDE.CHECK_PARAM_VALIDITY &INPUT_PARAM# = &UC4RB_ROBOCOPY_RETRY#
:SET &UC4RB_LOGGING_PARAMETER# = "Number of retries"
:INCLUDE PCK.ITPA_SHARED.PRV.INCLUDE.CHECK_PARAM_VALIDITY &INPUT_PARAM# = &UC4RB_ROBOCOPY_RETRY_COUNT#
:SET &UC4RB_LOGGING_PARAMETER# = "Wait time between retries"
:INCLUDE PCK.ITPA_SHARED.PRV.INCLUDE.CHECK_PARAM_VALIDITY &INPUT_PARAM# = &UC4RB_ROBOCOPY_RETRY_WAIT#
:SET &UC4RB_LOGGING_PARAMETER# = "Verbose"
:INCLUDE PCK.ITPA_SHARED.PRV.INCLUDE.CHECK_PARAM_VALIDITY &INPUT_PARAM# = &UC4RB_ROBOCOPY_VERBOSE#
:SET &UC4RB_LOGGING_PARAMETER# = "Other options"
:INCLUDE PCK.ITPA_SHARED.PRV.INCLUDE.CHECK_PARAM_VALIDITY &INPUT_PARAM# = &UC4RB_ROBOCOPY_FREE_OPTIONS#

:SET &UC4RB_CHECKME# = &UC4RB_ROBOCOPY_SOURCE_DIR#
:INCLUDE PCK.AUTOMIC_FILESYSTEM.PRV.INCLUDE.CHECK_TYPE_CMD@WINDOWS
set /a EXISTSOURCE=%EXIST% >nul
set /a DIRSOURCE=%ISDIR% >nul

:SET &UC4RB_CHECKME# = &UC4RB_ROBOCOPY_TARGET_DIR#
:INCLUDE PCK.AUTOMIC_FILESYSTEM.PRV.INCLUDE.CHECK_TYPE_CMD@WINDOWS
set /a EXISTTARGET=%EXIST% >nul
set /a DIRTARGET=%ISDIR% >nul

if %EXISTSOURCE% == 0 (
:  SET &UC4RB_LOGGING_PARAMETER# = "Source directory/file name"
:  SET &UC4RB_LOGGING_ERROR# = "Source dir '&UC4RB_ROBOCOPY_SOURCE_DIR#' doesn't exist."
:INCLUDE PCK.ITPA_SHARED.PRV.INCLUDE.LOGGING.ERROR.PARAMETER
  set /a errors=1 >nul
)

if %EXISTTARGET% == 0 (
:  SET &UC4RB_LOGGING_PARAMETER# = "Target directory"
:  SET &UC4RB_LOGGING_ERROR# = "target dir '&UC4RB_ROBOCOPY_TARGET_DIR#' doesn't exist."
:INCLUDE PCK.ITPA_SHARED.PRV.INCLUDE.LOGGING.ERROR.PARAMETER
  set /a errors=1 >nul
)

if %DIRSOURCE% == 0 (
:  SET &UC4RB_LOGGING_PARAMETER# = "Source directory"
:  SET &UC4RB_LOGGING_ERROR# = "source '&UC4RB_ROBOCOPY_SOURCE_DIR#' is not a directory."
:INCLUDE PCK.ITPA_SHARED.PRV.INCLUDE.LOGGING.ERROR.PARAMETER
  set /a errors=2 >nul
)

if %DIRTARGET% == 0 (
:  SET &UC4RB_LOGGING_PARAMETER# = "Target directory"
:  SET &UC4RB_LOGGING_ERROR# = "target '&UC4RB_ROBOCOPY_TARGET_DIR#' is not a directory."
:INCLUDE PCK.ITPA_SHARED.PRV.INCLUDE.LOGGING.ERROR.PARAMETER
  set /a errors=2 >nul
)



! Check EXT: in value
:IF &UC4RB_PV_ERRORS# = 100
  set retcode=100
  goto :retcode
:ENDIF

! stop execution if validation errors occurred
if %errors% gtr 0 (
  set retcode=%errors%
  goto :retcode
)


:INCLUDE PCK.ITPA_SHARED.PRV.INCLUDE.LOGGING.HEADER.EXECUTION
!
!:SET &UC4RB_LOGGING_INFO# = "Copy file '&UC4RB_DIR_FILE_CP_SOURCE#' to '&UC4RB_DIR_FILE_CP_TARGET#' with overwrite "
!:SET &UC4RB_LOGGING_INFO# = STR_CAT(&UC4RB_LOGGING_INFO#, "flag is '&UC4RB_DIR_FILE_CP_OVERWRITE#' and exclude pattern is '&UC4RB_COPY_EXCLUDE#'")
!

:SET &UC4RB_ROBOCOPY_OPTIONS_COPY# = "/NOCOPY"

:SET &UC4RB_ROBOCOPY_FILEFLAGS# = STR_SUBSTITUTE(&UC4RB_ROBOCOPY_FILEFLAGS#,"Data","D")
:SET &UC4RB_ROBOCOPY_FILEFLAGS# = STR_SUBSTITUTE(&UC4RB_ROBOCOPY_FILEFLAGS#,"Attributes","A")
:SET &UC4RB_ROBOCOPY_FILEFLAGS# = STR_SUBSTITUTE(&UC4RB_ROBOCOPY_FILEFLAGS#,"Time stamps","T")
:SET &UC4RB_ROBOCOPY_FILEFLAGS# = STR_SUBSTITUTE(&UC4RB_ROBOCOPY_FILEFLAGS#,"NTFS access control list (ACL)","S")
:SET &UC4RB_ROBOCOPY_FILEFLAGS# = STR_SUBSTITUTE(&UC4RB_ROBOCOPY_FILEFLAGS#,"Owner information","O")
:SET &UC4RB_ROBOCOPY_FILEFLAGS# = STR_SUBSTITUTE(&UC4RB_ROBOCOPY_FILEFLAGS#,"Auditing information","U")
:SET &UC4RB_ROBOCOPY_FILEFLAGS# = STR_SUBSTITUTE(&UC4RB_ROBOCOPY_FILEFLAGS#,";","")

:IF &UC4RB_ROBOCOPY_FILEFLAGS# <> ""
:SET &UC4RB_ROBOCOPY_OPTIONS_COPY#  = STR_CAT("/COPY:",&UC4RB_ROBOCOPY_FILEFLAGS#)
:ENDIF

:IF &UC4RB_ROBOCOPY_SYNC# <> "Basic copy with no option"
:  IF &UC4RB_ROBOCOPY_SYNC# = "Mirrors a directory tree"
:  SET &UC4RB_ROBOCOPY_OPTIONS_COPY#  = STR_CAT(&UC4RB_ROBOCOPY_OPTIONS_COPY#," /MIR ")
:  ENDIF
:  IF &UC4RB_ROBOCOPY_SYNC# = "Moves files, and deletes them from the source"
:  SET &UC4RB_ROBOCOPY_OPTIONS_COPY#  = STR_CAT(&UC4RB_ROBOCOPY_OPTIONS_COPY#," /MOV ")
:  ENDIF
:  IF &UC4RB_ROBOCOPY_SYNC# = "Moves files and directories, and deletes them from the source"
:  SET &UC4RB_ROBOCOPY_OPTIONS_COPY#  = STR_CAT(&UC4RB_ROBOCOPY_OPTIONS_COPY#," /MOVE ")
:  ENDIF
:  IF &UC4RB_ROBOCOPY_SYNC# = "Purge, Deletes destination files and directories that no longer exist in the source"
:  SET &UC4RB_ROBOCOPY_OPTIONS_COPY#  = STR_CAT(&UC4RB_ROBOCOPY_OPTIONS_COPY#," /PURGE ")
:  ENDIF
:ENDIF
!:IF STR_MATCH(&UC4RB_ROBOCOPY_SUBDIR# ,"Yes, includes empty directories") = "Y"
!:  SET &UC4RB_ROBOCOPY_OPTIONS_COPY#  = STR_CAT("/E ",&UC4RB_ROBOCOPY_OPTIONS_COPY# )
!:ENDIF
!
!:IF STR_MATCH(&UC4RB_ROBOCOPY_SUBDIR# ,"Yes, excludes empty directories") = "Y"
!:  SET &UC4RB_ROBOCOPY_OPTIONS_COPY#  = STR_CAT("/S ",&UC4RB_ROBOCOPY_OPTIONS_COPY# )
!:ENDIF

:IF &UC4RB_ROBOCOPY_SUBDIR# <> "NO"
:  IF &UC4RB_ROBOCOPY_EMPTYSUBDIR# = "NO"
:    SET &UC4RB_ROBOCOPY_OPTIONS_COPY#  = STR_CAT("/S ",&UC4RB_ROBOCOPY_OPTIONS_COPY# )
:  ELSE
:    SET &UC4RB_ROBOCOPY_OPTIONS_COPY#  = STR_CAT("/E ",&UC4RB_ROBOCOPY_OPTIONS_COPY# )
:  ENDIF
:ENDIF

: IF &UC4RB_ROBOCOPY_DIRTIMESTAMPS# <> "NO"
:  SET &UC4RB_ROBOCOPY_OPTIONS_COPY#  = STR_CAT(&UC4RB_ROBOCOPY_OPTIONS_COPY#, " /DCOPY:T" )
: ENDIF

:IF &UC4RB_ROBOCOPY_EXCLUDES_FILES# <> ""
:  SET &UC4RB_ROBOCOPY_OPTIONS_FILE# = STR_CAT(&UC4RB_ROBOCOPY_OPTIONS_FILE#," /XF ")
:  SET &UC4RB_ROBOCOPY_OPTIONS_FILE# = STR_CAT(&UC4RB_ROBOCOPY_OPTIONS_FILE#,&UC4RB_ROBOCOPY_EXCLUDES_FILES#)
:ENDIF

:IF &UC4RB_ROBOCOPY_EXCLUDES_DIR# <> ""
:  SET &UC4RB_ROBOCOPY_OPTIONS_FILE# = STR_CAT(&UC4RB_ROBOCOPY_OPTIONS_FILE#," /XD ")
:  SET &UC4RB_ROBOCOPY_OPTIONS_FILE# = STR_CAT(&UC4RB_ROBOCOPY_OPTIONS_FILE#,&UC4RB_ROBOCOPY_EXCLUDES_DIR# )
:ENDIF

:SET &UC4RB_ROBOCOPY_OPTIONS_RETRY# = ""

: IF &UC4RB_ROBOCOPY_RETRY# <> "NO"
: SET &UC4RB_ROBOCOPY_OPTIONS_RETRY# = STR_CAT("/R:",&UC4RB_ROBOCOPY_RETRY_COUNT#)
: SET &UC4RB_ROBOCOPY_OPTIONS_RETRY# =  STR_CAT(&UC4RB_ROBOCOPY_OPTIONS_RETRY#," /W:")
: SET &UC4RB_ROBOCOPY_OPTIONS_RETRY# =  STR_CAT(&UC4RB_ROBOCOPY_OPTIONS_RETRY#,&UC4RB_ROBOCOPY_RETRY_WAIT#)
: ELSE
: SET &UC4RB_ROBOCOPY_OPTIONS_RETRY# = "/R:0"
: ENDIF

: IF &UC4RB_ROBOCOPY_VERBOSE# = "YES"
: SET &UC4RB_ROBOCOPY_OPTIONS_LOG# = "/V /NP"
: ENDIF


:SET &UC4RB_LOGGING_PARAMETER# = "Options copy is this"
:INCLUDE PCK.ITPA_SHARED.PRV.INCLUDE.LOGGING.PARAM &UC4RB_LOGGING_PARAMETER_VAL# = &UC4RB_ROBOCOPY_OPTIONS_COPY#
:SET &UC4RB_LOGGING_PARAMETER# = "Options file"
:INCLUDE PCK.ITPA_SHARED.PRV.INCLUDE.LOGGING.PARAM &UC4RB_LOGGING_PARAMETER_VAL# = &UC4RB_ROBOCOPY_OPTIONS_FILE#
:SET &UC4RB_LOGGING_PARAMETER# = "Options retry"
:INCLUDE PCK.ITPA_SHARED.PRV.INCLUDE.LOGGING.PARAM &UC4RB_LOGGING_PARAMETER_VAL# = &UC4RB_ROBOCOPY_OPTIONS_RETRY#
:SET &UC4RB_LOGGING_PARAMETER# = "Options Log"
:INCLUDE PCK.ITPA_SHARED.PRV.INCLUDE.LOGGING.PARAM &UC4RB_LOGGING_PARAMETER_VAL# = &UC4RB_ROBOCOPY_OPTIONS_LOG#
:SET &UC4RB_LOGGING_PARAMETER# = "Options user"
:INCLUDE PCK.ITPA_SHARED.PRV.INCLUDE.LOGGING.PARAM &UC4RB_LOGGING_PARAMETER_VAL# = &UC4RB_ROBOCOPY_FREE_OPTIONS#


robocopy "&UC4RB_ROBOCOPY_SOURCE_DIR#" "&UC4RB_ROBOCOPY_TARGET_DIR#" &UC4RB_ROBOCOPY_FILES# &UC4RB_ROBOCOPY_OPTIONS_COPY# &UC4RB_ROBOCOPY_OPTIONS_FILE# &UC4RB_ROBOCOPY_OPTIONS_RETRY# &UC4RB_ROBOCOPY_OPTIONS_LOG# &UC4RB_ROBOCOPY_FREE_OPTIONS#


:INCLUDE PCK.CUSTOM.ROBOCOPY.PRV.INCLUDE.RC]]></MSCRI>
</SCRIPT>
<OUTPUTSCAN state="1">
<Inherit>N</Inherit>
<filterobjects/>
<HostFsc/>
<LoginFsc/>
</OUTPUTSCAN>
<POST_SCRIPT mode="1" replacementmode="1" state="1">
<OSCRI/>
</POST_SCRIPT>
<DOCU_Docu state="1" type="text">
<DOC/>
</DOCU_Docu>
</JOBS_WINDOWS>
<PRPT name="PCK.CUSTOM_ROBOCOPY.PRV.PROMPTSET.MICROSOFT_ROBOCOPY">
<HEADER state="1">
<Title/>
<ArchiveKey1/>
<ArchiveKey2/>
<OH_SubType/>
</HEADER>
<PROMPTDESIGNER state="1">
<DESIGNER/>
</PROMPTDESIGNER>
<PROMPTSETXUI state="1">
<XUIEDITOR><![CDATA[<dialog height="424" icon="PRPT" id="PRPTS" left="0" top="0" width="358"><readpanel fill="b" id="PRPTBOX" nl="1" scroll="v" text="Promptset"><properties><entry name="text">Promptset</entry><entry name="modifiable">0</entry></properties><text alt="1" enabled="1" fill="b" focus="0" id="UC4RB_ROBOCOPY_SOURCE_DIRs.00" inputassistance="0" len="" multiline="0" multilineIcon="0" nl="1" regex="" separator=";" showaspassword="0" text="Source dir" tooltip="Specifies the path to the source directory.&#10;" upper="0" required="0"><oninputassistant><command request="_internal" target="_view" targetaction="setAttribute" targetparam="promptname|@id"/><command request="_internal" target="_view" targetaction="setAttribute" targetparam="promptvalue|@value"/><command owner="_promptsetcontainer" owneraction="getData" request="getpromptinputassistance" target="_chainwindow"/></oninputassistant>
         
      <properties>
        <entry listparam="C,N" name="reference" reftype="STATIC">UC_DATATYPE_STRING</entry>
        <entry name="xmlkey"/>
        <entry name="xmlpath"/>
        <entry name="text">Source dir</entry>
        <entry name="multiline">0</entry>
        <entry name="multilineIcon">0</entry>
        <entry name="multiselect">0</entry>
        <entry name="separator">;</entry>
        <entry name="len"/>
        <entry name="quotes"/>
        <entry name="id">UC4RB_ROBOCOPY_SOURCE_DIRs.00</entry>
        <entry name="regex"/>
        <entry name="inputassistance">0</entry>
        <entry name="enabled">0</entry>
        <entry name="required">1</entry>
        <entry name="upper">0</entry>
        <entry name="focus">0</entry>
        <entry name="showaspassword">0</entry>
        <entry name="tooltip">Specifies the path to the source directory.
</entry>
        <entry name="modifiable">1</entry>
        <entry name="customfield"/>
        <entry name="onchangereset"/>
        <entry name="resetable">1</entry>
      <entry name="initvalue"/>
         </properties>
    </text><text alt="1" enabled="1" fill="b" focus="0" id="UC4RB_ROBOCOPY_TARGET_DIRs.00" inputassistance="0" len="" multiline="0" multilineIcon="0" nl="1" regex="" separator=";" showaspassword="0" text="Target dir" tooltip="Specifies the path to the destination director" upper="0" required="0"><oninputassistant><command request="_internal" target="_view" targetaction="setAttribute" targetparam="promptname|@id"/><command request="_internal" target="_view" targetaction="setAttribute" targetparam="promptvalue|@value"/><command owner="_promptsetcontainer" owneraction="getData" request="getpromptinputassistance" target="_chainwindow"/></oninputassistant>
         
      <properties>
        <entry listparam="C,N" name="reference" reftype="STATIC">UC_DATATYPE_STRING</entry>
        <entry name="xmlkey"/>
        <entry name="xmlpath"/>
        <entry name="text">Target dir</entry>
        <entry name="multiline">0</entry>
        <entry name="multilineIcon">0</entry>
        <entry name="multiselect">0</entry>
        <entry name="separator">;</entry>
        <entry name="len"/>
        <entry name="quotes"/>
        <entry name="id">UC4RB_ROBOCOPY_TARGET_DIRs.00</entry>
        <entry name="regex"/>
        <entry name="inputassistance">0</entry>
        <entry name="enabled">0</entry>
        <entry name="required">1</entry>
        <entry name="upper">0</entry>
        <entry name="focus">0</entry>
        <entry name="showaspassword">0</entry>
        <entry name="tooltip">Specifies the path to the destination director</entry>
        <entry name="modifiable">1</entry>
        <entry name="customfield"/>
        <entry name="onchangereset"/>
        <entry name="resetable">1</entry>
      <entry name="initvalue"/>
         </properties>
    </text><text alt="1" enabled="1" fill="b" focus="0" id="UC4RB_ROBOCOPY_FILESs.00" inputassistance="0" len="" multiline="0" multilineIcon="0" nl="1" regex="" required="0" separator=";" showaspassword="0" text="File(s)" tooltip="Specifies the file or files to be copied. You can use wildcard characters (*or?), if you want. If theFileparameter is not specified,*.*is used as the default value." upper="0"><oninputassistant><command request="_internal" target="_view" targetaction="setAttribute" targetparam="promptname|@id"/><command request="_internal" target="_view" targetaction="setAttribute" targetparam="promptvalue|@value"/><command owner="_promptsetcontainer" owneraction="getData" request="getpromptinputassistance" target="_chainwindow"/></oninputassistant>
         
      <properties>
        <entry listparam="C,N" name="reference" reftype="STATIC">UC_DATATYPE_STRING</entry>
        <entry name="xmlkey"/>
        <entry name="xmlpath"/>
        <entry name="text">File(s)</entry>
        <entry name="multiline">0</entry>
        <entry name="multilineIcon">0</entry>
        <entry name="multiselect">0</entry>
        <entry name="separator">;</entry>
        <entry name="len"/>
        <entry name="quotes"/>
        <entry name="id">UC4RB_ROBOCOPY_FILESs.00</entry>
        <entry name="regex"/>
        <entry name="inputassistance">0</entry>
        <entry name="enabled">0</entry>
        <entry name="required">1</entry>
        <entry name="upper">0</entry>
        <entry name="focus">0</entry>
        <entry name="showaspassword">0</entry>
        <entry name="tooltip">Specifies the file or files to be copied. You can use wildcard characters (*or?), if you want. If theFileparameter is not specified,*.*is used as the default value.</entry>
        <entry name="modifiable">1</entry>
        <entry name="customfield"/>
        <entry name="onchangereset"/>
        <entry name="resetable">1</entry>
      <entry name="initvalue"/>
         </properties>
    </text><text alt="1" enabled="1" fill="b" focus="0" id="UC4RB_ROBOCOPY_EXCLUDES_FILESs.00" inputassistance="0" len="" multiline="0" multilineIcon="0" nl="1" regex="" required="0" separator=";" showaspassword="0" text="Excudes files" tooltip="Excludes files that match the specified names or paths" upper="0"><oninputassistant><command request="_internal" target="_view" targetaction="setAttribute" targetparam="promptname|@id"/><command request="_internal" target="_view" targetaction="setAttribute" targetparam="promptvalue|@value"/><command owner="_promptsetcontainer" owneraction="getData" request="getpromptinputassistance" target="_chainwindow"/></oninputassistant>
         
      <properties>
        <entry listparam="C,N" name="reference" reftype="STATIC">UC_DATATYPE_STRING</entry>
        <entry name="xmlkey"/>
        <entry name="xmlpath"/>
        <entry name="text">Excudes files</entry>
        <entry name="multiline">0</entry>
        <entry name="multilineIcon">0</entry>
        <entry name="multiselect">0</entry>
        <entry name="separator">;</entry>
        <entry name="len"/>
        <entry name="quotes"/>
        <entry name="id">UC4RB_ROBOCOPY_EXCLUDES_FILESs.00</entry>
        <entry name="regex"/>
        <entry name="inputassistance">0</entry>
        <entry name="enabled">0</entry>
        <entry name="required">0</entry>
        <entry name="upper">0</entry>
        <entry name="focus">0</entry>
        <entry name="showaspassword">0</entry>
        <entry name="tooltip">Excludes files that match the specified names or paths</entry>
        <entry name="modifiable">1</entry>
        <entry name="customfield"/>
        <entry name="onchangereset"/>
        <entry name="resetable">1</entry>
      <entry name="initvalue"/>
         </properties>
    </text><text alt="1" enabled="1" fill="b" focus="0" id="UC4RB_ROBOCOPY_EXCLUDES_DIRs.00" inputassistance="0" len="" multiline="0" multilineIcon="0" nl="1" regex="" required="0" separator=";" showaspassword="0" text="Excludes directories" tooltip="Excludes directories that match the specified names and paths." upper="0"><oninputassistant><command request="_internal" target="_view" targetaction="setAttribute" targetparam="promptname|@id"/><command request="_internal" target="_view" targetaction="setAttribute" targetparam="promptvalue|@value"/><command owner="_promptsetcontainer" owneraction="getData" request="getpromptinputassistance" target="_chainwindow"/></oninputassistant>
         
      <properties>
        <entry listparam="C,N" name="reference" reftype="STATIC">UC_DATATYPE_STRING</entry>
        <entry name="xmlkey"/>
        <entry name="xmlpath"/>
        <entry name="text">Excludes directories</entry>
        <entry name="multiline">0</entry>
        <entry name="multilineIcon">0</entry>
        <entry name="multiselect">0</entry>
        <entry name="separator">;</entry>
        <entry name="len"/>
        <entry name="quotes"/>
        <entry name="id">UC4RB_ROBOCOPY_EXCLUDES_DIRs.00</entry>
        <entry name="regex"/>
        <entry name="inputassistance">0</entry>
        <entry name="enabled">0</entry>
        <entry name="required">0</entry>
        <entry name="upper">0</entry>
        <entry name="focus">0</entry>
        <entry name="showaspassword">0</entry>
        <entry name="tooltip">Excludes directories that match the specified names and paths.</entry>
        <entry name="modifiable">1</entry>
        <entry name="customfield"/>
        <entry name="onchangereset"/>
        <entry name="resetable">1</entry>
      <entry name="initvalue"/>
         </properties>
    </text><dynradiogroup alt="1" enabled="1" fill="b" focus="" id="UC4RB_ROBOCOPY_SUBDIRs.00" nl="1" text="Copies subdirectories" tooltip="Specifies options for subdirectories" required="0">
      <properties>
        <entry listparam="C,N" name="reference" reftype="STATIC">PCK.CUSTOM.ROBOCOPY.PRV.VAR.YESNO</entry>
        <entry name="xmlkey"/>
        <entry name="xmlpath"/>
        <entry name="text">Copies subdirectories</entry>
        <entry name="quotes"/>
        <entry name="id">UC4RB_ROBOCOPY_SUBDIRs.00</entry>
        <entry name="enabled">0</entry>
        <entry name="focus">0</entry>
        <entry name="tooltip">Specifies options for subdirectories</entry>
        <entry name="modifiable">1</entry>
        <entry name="customfield"/>
      <entry name="initvalue"/>
         </properties>
    </dynradiogroup><dynradiogroup alt="1" enabled="1" fill="b" focus="" id="UC4RB_ROBOCOPY_EMPTYSUBDIRs.00" nl="1" text="Copies empty subdirectories" tooltip="" required="0">
      <properties>
        <entry listparam="C,N" name="reference" reftype="STATIC">PCK.CUSTOM.ROBOCOPY.PRV.VAR.YESNO</entry>
        <entry name="xmlkey"/>
        <entry name="xmlpath"/>
        <entry name="text">Copies empty subdirectories</entry>
        <entry name="quotes"/>
        <entry name="id">UC4RB_ROBOCOPY_EMPTYSUBDIRs.00</entry>
        <entry name="enabled">0</entry>
        <entry name="focus">0</entry>
        <entry name="tooltip"/>
        <entry name="modifiable">1</entry>
        <entry name="customfield"/>
      <entry name="initvalue"/></properties>
    </dynradiogroup><dyncheckgroup alt="1" enabled="1" fill="b" focus="0" id="UC4RB_ROBOCOPY_FILEFLAGSs.00" mode="list" nl="1" required="0" separator=";" text="Copy files attributes" tooltip="Specifies the file properties to be copied">
      <properties>
        <entry listparam="C,N" name="reference" reftype="STATIC">PCK.CUSTOM.ROBOCOPY.PRV.VAR.COPYFLAGS</entry>
        <entry name="xmlkey"/>
        <entry name="xmlpath"/>
        <entry name="text">Copy files attributes</entry>
        <entry alias="multiselect" name="cgmultiselect">1</entry>
        <entry alias="separator" name="cgseparator">;</entry>
        <entry alias="haslist" name="cghaslist">0</entry>
        <entry name="quotes"/>
        <entry name="id">UC4RB_ROBOCOPY_FILEFLAGSs.00</entry>
        <entry name="enabled">0</entry>
        <entry name="required">0</entry>
        <entry name="focus">0</entry>
        <entry name="tooltip">Specifies the file properties to be copied</entry>
        <entry name="modifiable">1</entry>
        <entry name="customfield"/>
        <entry name="onchangereset"/>
        <entry name="resetable">1</entry>
      <entry name="initvalue"/>
         </properties>
    </dyncheckgroup><dynradiogroup alt="1" enabled="1" fill="b" focus="" id="UC4RB_ROBOCOPY_DIRTIMESTAMPSs.00" nl="1" text="Copies directory time stamps" tooltip="" required="0">
      <properties>
        <entry listparam="C,N" name="reference" reftype="STATIC">PCK.CUSTOM.ROBOCOPY.PRV.VAR.YESNO</entry>
        <entry name="xmlkey"/>
        <entry name="xmlpath"/>
        <entry name="text">Copies directory time stamps</entry>
        <entry name="quotes"/>
        <entry name="id">UC4RB_ROBOCOPY_DIRTIMESTAMPSs.00</entry>
        <entry name="enabled">0</entry>
        <entry name="focus">0</entry>
        <entry name="tooltip"/>
        <entry name="modifiable">1</entry>
        <entry name="customfield"/>
      <entry name="initvalue"/>
         </properties>
    </dynradiogroup><dynradiogroup alt="1" enabled="1" fill="b" focus="" id="UC4RB_ROBOCOPY_SYNCs.00" nl="1" text="Synchronization Options" tooltip="how source and target objects are managed" required="0">
      <properties>
        <entry listparam="C,N" name="reference" reftype="STATIC">PCK.CUSTOM.ROBOCOPY.PRV.VAR.SYNC</entry>
        <entry name="xmlkey"/>
        <entry name="xmlpath"/>
        <entry name="text">Synchronization Options</entry>
        <entry name="quotes"/>
        <entry name="id">UC4RB_ROBOCOPY_SYNCs.00</entry>
        <entry name="enabled">0</entry>
        <entry name="focus">0</entry>
        <entry name="tooltip">how source and target objects are managed</entry>
        <entry name="modifiable">1</entry>
        <entry name="customfield"/>
      <entry name="initvalue"/>
         </properties>
    </dynradiogroup><dynradiogroup alt="1" enabled="1" fill="b" focus="" id="UC4RB_ROBOCOPY_RETRYs.00" nl="1" text="Retry" tooltip="Retry in case of failure. If No is selected, the options &quot;Number of Retries&quot; and &quot;wait time between retries&quot; are ignored" required="0">
      <properties>
        <entry listparam="C,N" name="reference" reftype="STATIC">PCK.CUSTOM.ROBOCOPY.PRV.VAR.YESNO</entry>
        <entry name="xmlkey"/>
        <entry name="xmlpath"/>
        <entry name="text">Retry</entry>
        <entry name="quotes"/>
        <entry name="id">UC4RB_ROBOCOPY_RETRYs.00</entry>
        <entry name="enabled">0</entry>
        <entry name="focus">0</entry>
        <entry name="tooltip">Retry in case of failure. If No is selected, the options &quot;Number of Retries&quot; and &quot;wait time between retries&quot; are ignored</entry>
        <entry name="modifiable">1</entry>
        <entry name="customfield"/>
      <entry name="initvalue"/>
         </properties>
    </dynradiogroup><integer alt="1" enabled="1" fill="b" focus="0" id="UC4RB_ROBOCOPY_RETRY_COUNTs.00" max="1000000" min="1" nl="1" text="Number of retries" tooltip="Specifies the number of retries on failed copies. The max value ofNis 1,000,000 (one million retries).">
      <properties>
        <entry listparam="N" name="reference" reftype="STATIC">UC_DATATYPE_NUMERIC</entry>
        <entry name="text">Number of retries</entry>
        <entry name="min">1</entry>
        <entry name="max">1000000</entry>
        <entry name="quotes"/>
        <entry name="id">UC4RB_ROBOCOPY_RETRY_COUNTs.00</entry>
        <entry name="enabled">0</entry>
        <entry name="focus">0</entry>
        <entry name="tooltip">Specifies the number of retries on failed copies. The max value ofNis 1,000,000 (one million retries).</entry>
        <entry name="modifiable">1</entry>
        <entry name="customfield"/>
      <entry name="initvalue">0</entry>
         </properties>
    </integer><integer alt="1" enabled="1" fill="b" focus="0" id="UC4RB_ROBOCOPY_RETRY_WAITs.00" max="" min="1" nl="1" text="Wait time between retries" tooltip="Specifies the wait time between retries, in seconds.">
      <properties>
        <entry listparam="N" name="reference" reftype="STATIC">UC_DATATYPE_NUMERIC</entry>
        <entry name="text">Wait time between retries</entry>
        <entry name="min">1</entry>
        <entry name="max"/>
        <entry name="quotes"/>
        <entry name="id">UC4RB_ROBOCOPY_RETRY_WAITs.00</entry>
        <entry name="enabled">0</entry>
        <entry name="focus">0</entry>
        <entry name="tooltip">Specifies the wait time between retries, in seconds.</entry>
        <entry name="modifiable">1</entry>
        <entry name="customfield"/>
      <entry name="initvalue">0</entry>
         </properties>
    </integer><dynradiogroup alt="1" enabled="1" fill="b" focus="" id="UC4RB_ROBOCOPY_VERBOSEs.00" nl="1" text="Verbose" tooltip="Produces verbose output, and shows all skipped files.&#10;" required="0">
      <properties>
        <entry listparam="C,N" name="reference" reftype="STATIC">PCK.CUSTOM.ROBOCOPY.PRV.VAR.YESNO</entry>
        <entry name="xmlkey"/>
        <entry name="xmlpath"/>
        <entry name="text">Verbose</entry>
        <entry name="quotes"/>
        <entry name="id">UC4RB_ROBOCOPY_VERBOSEs.00</entry>
        <entry name="enabled">0</entry>
        <entry name="focus">0</entry>
        <entry name="tooltip">Produces verbose output, and shows all skipped files.
</entry>
        <entry name="modifiable">1</entry>
        <entry name="customfield"/>
      <entry name="initvalue"/>
         </properties>
    </dynradiogroup><text alt="1" enabled="1" fill="b" focus="0" id="UC4RB_ROBOCOPY_FREE_OPTIONSs.00" inputassistance="0" len="" multiline="0" multilineIcon="0" nl="1" regex="" required="0" separator=";" showaspassword="0" text="Other options" tooltip="enter any option respecting robocopy syntax" upper="0"><oninputassistant><command request="_internal" target="_view" targetaction="setAttribute" targetparam="promptname|@id"/><command request="_internal" target="_view" targetaction="setAttribute" targetparam="promptvalue|@value"/><command owner="_promptsetcontainer" owneraction="getData" request="getpromptinputassistance" target="_chainwindow"/></oninputassistant>
         
      <properties>
        <entry listparam="C,N" name="reference" reftype="STATIC">UC_DATATYPE_STRING</entry>
        <entry name="xmlkey"/>
        <entry name="xmlpath"/>
        <entry name="text">Other options</entry>
        <entry name="multiline">0</entry>
        <entry name="multilineIcon">0</entry>
        <entry name="multiselect">0</entry>
        <entry name="separator">;</entry>
        <entry name="len"/>
        <entry name="quotes"/>
        <entry name="id">UC4RB_ROBOCOPY_FREE_OPTIONSs.00</entry>
        <entry name="regex"/>
        <entry name="inputassistance">0</entry>
        <entry name="enabled">0</entry>
        <entry name="required">0</entry>
        <entry name="upper">0</entry>
        <entry name="focus">0</entry>
        <entry name="showaspassword">0</entry>
        <entry name="tooltip">enter any option respecting robocopy syntax</entry>
        <entry name="modifiable">1</entry>
        <entry name="customfield"/>
        <entry name="onchangereset"/>
        <entry name="resetable">1</entry>
      <entry name="initvalue"/>
         </properties>
    </text></readpanel></dialog>]]></XUIEDITOR>
</PROMPTSETXUI>
<PROMPTSETDATA state="1">
<DATAEDITOR><![CDATA[<PRPTS ontop="1"><PRPTBOX><UC4RB_ROBOCOPY_SOURCE_DIRs.00 haslist="0" msgnr="-1" msginsert="" altview="0" promptname="UC4RB_ROBOCOPY_SOURCE_DIR#" ReadFromTable="OPSE"></UC4RB_ROBOCOPY_SOURCE_DIRs.00><UC4RB_ROBOCOPY_TARGET_DIRs.00 haslist="0" msgnr="-1" msginsert="" altview="0" promptname="UC4RB_ROBOCOPY_TARGET_DIR#" ReadFromTable="OPSE"></UC4RB_ROBOCOPY_TARGET_DIRs.00><UC4RB_ROBOCOPY_FILESs.00 haslist="0" msgnr="-1" msginsert="" altview="0" promptname="UC4RB_ROBOCOPY_FILES#" ReadFromTable="OPSE">*.*</UC4RB_ROBOCOPY_FILESs.00><UC4RB_ROBOCOPY_EXCLUDES_FILESs.00 haslist="0" msgnr="-1" msginsert="" altview="0" promptname="UC4RB_ROBOCOPY_EXCLUDES_FILES#" ReadFromTable="OPSE"></UC4RB_ROBOCOPY_EXCLUDES_FILESs.00><UC4RB_ROBOCOPY_EXCLUDES_DIRs.00 haslist="0" msgnr="-1" msginsert="" altview="0" promptname="UC4RB_ROBOCOPY_EXCLUDES_DIR#" ReadFromTable="OPSE"></UC4RB_ROBOCOPY_EXCLUDES_DIRs.00><UC4RB_ROBOCOPY_SUBDIRs.00 haslist="0" msgnr="-1" msginsert="" altview="0" promptname="UC4RB_ROBOCOPY_SUBDIR#" ReadFromTable="OPSE">YES</UC4RB_ROBOCOPY_SUBDIRs.00><UC4RB_ROBOCOPY_EMPTYSUBDIRs.00 haslist="0" msgnr="-1" msginsert="" altview="0" promptname="UC4RB_ROBOCOPY_EMPTYSUBDIR#" ReadFromTable="OPSE">YES</UC4RB_ROBOCOPY_EMPTYSUBDIRs.00><UC4RB_ROBOCOPY_FILEFLAGSs.00 haslist="0" msgnr="-1" msginsert="" altview="0" promptname="UC4RB_ROBOCOPY_FILEFLAGS#" ReadFromTable="OPSE">Data;Attributes;Time stamps</UC4RB_ROBOCOPY_FILEFLAGSs.00><UC4RB_ROBOCOPY_DIRTIMESTAMPSs.00 haslist="0" msgnr="-1" msginsert="" altview="0" promptname="UC4RB_ROBOCOPY_DIRTIMESTAMPS#" ReadFromTable="OPSE">YES</UC4RB_ROBOCOPY_DIRTIMESTAMPSs.00><UC4RB_ROBOCOPY_SYNCs.00 haslist="0" msgnr="-1" msginsert="" altview="0" promptname="UC4RB_ROBOCOPY_SYNC#" ReadFromTable="OPSE">Basic copy with no option</UC4RB_ROBOCOPY_SYNCs.00><UC4RB_ROBOCOPY_RETRYs.00 haslist="0" msgnr="-1" msginsert="" altview="0" promptname="UC4RB_ROBOCOPY_RETRY#" ReadFromTable="OPSE">NO</UC4RB_ROBOCOPY_RETRYs.00><UC4RB_ROBOCOPY_RETRY_COUNTs.00 haslist="0" msgnr="-1" msginsert="" altview="0" promptname="UC4RB_ROBOCOPY_RETRY_COUNT#" ReadFromTable="OPSE">3</UC4RB_ROBOCOPY_RETRY_COUNTs.00><UC4RB_ROBOCOPY_RETRY_WAITs.00 haslist="0" msgnr="-1" msginsert="" altview="0" promptname="UC4RB_ROBOCOPY_RETRY_WAIT#" ReadFromTable="OPSE">30</UC4RB_ROBOCOPY_RETRY_WAITs.00><UC4RB_ROBOCOPY_VERBOSEs.00 haslist="0" msgnr="-1" msginsert="" altview="0" promptname="UC4RB_ROBOCOPY_VERBOSE#" ReadFromTable="OPSE">YES</UC4RB_ROBOCOPY_VERBOSEs.00><UC4RB_ROBOCOPY_FREE_OPTIONSs.00 haslist="0" msgnr="-1" msginsert="" altview="0" promptname="UC4RB_ROBOCOPY_FREE_OPTIONS#" ReadFromTable="OPSE"></UC4RB_ROBOCOPY_FREE_OPTIONSs.00></PRPTBOX></PRPTS>]]></DATAEDITOR>
</PROMPTSETDATA>
<DOCU_Docu state="1" type="text">
<DOC/>
</DOCU_Docu>
</PRPT>
<JOBI name="PCK.CUSTOM.ROBOCOPY.PRV.INCLUDE.RC">
<HEADER state="1">
<Title>check robocopy return codes</Title>
<ArchiveKey1/>
<ArchiveKey2/>
<OH_SubType/>
</HEADER>
<SCRIPT mode="1" state="1">
<MSCRI><![CDATA[!checks the ROBOCOPY return code and return the error message
@echo on
@echo Robocopy return code is %ERRORLEVEL%
@if %ERRORLEVEL% EQU 16 echo ***FATAL ERROR*** Robocopy did not copy any files.  Check the command line parameters and verify that Robocopy has enough rights to write to the destination folder. & goto endRC
!@if %ERRORLEVEL% EQU 15 echo FAIL & goto endRC
!@if %ERRORLEVEL% EQU 14 echo FAIL & goto endRC
!@if %ERRORLEVEL% EQU 13 echo FAIL & goto endRC
!@if %ERRORLEVEL% EQU 12 echo FAIL & goto endRC
!@if %ERRORLEVEL% EQU 11 echo FAIL & goto endRC
!@if %ERRORLEVEL% EQU 10 echo FAIL & goto endRC
!@if %ERRORLEVEL% EQU 9 echo FAIL & goto endRC
@if %ERRORLEVEL% GTR 7 echo FAIL : Some files or directories could not be copied and the retry limit was exceeded. & goto endRC
@if %ERRORLEVEL% EQU 7 echo SUCCESS : Files were copied, a file mismatch was present, and additional files were present. & set ERRORLEVEL=0 & goto endRC
@if %ERRORLEVEL% EQU 6 echo SUCCESS : Additional files and mismatched files exist. No files were copied and no failures were encountered. & set ERRORLEVEL=0 & goto endRC
@if %ERRORLEVEL% EQU 5 echo SUCCESS : Some files were copied. Some files were mismatched. No failure was encountered. & set ERRORLEVEL=0 & goto endRC
@if %ERRORLEVEL% EQU 4 echo SUCCESS : Mismatched files or directories were detected.  Examine the log file for more information. & set ERRORLEVEL=0 & goto endRC
@if %ERRORLEVEL% EQU 3 echo SUCCESS : Some files were copied. Additional files were present. No failure was encountered. & set E: RRORLEVEL=0 & goto endRC
@if %ERRORLEVEL% EQU 2 echo SUCCESS : Extra files or directories were detected.  Examine the log file for more information. & set ERRORLEVEL=0 & goto endRC
@if %ERRORLEVEL% EQU 1 echo SUCCESS : One of more files were copied successfully & set ERRORLEVEL=0 & goto endRC
@if %ERRORLEVEL% EQU 0 echo SUCCESS : No errors occurred and no files were copied & set ERRORLEVEL=0 & goto endRC
@:endRC
@echo off
!checks the return code and if greater 0 exits the job
@set retcode=%ERRORLEVEL%
@if NOT %ERRORLEVEL% == 0 goto :retcode]]></MSCRI>
</SCRIPT>
<DOCU_Docu state="1" type="text">
<DOC/>
</DOCU_Docu>
</JOBI>
<VARA OVD_VRName="FREI" data_type="STATIC" name="PCK.CUSTOM.ROBOCOPY.PRV.VAR.SUBDIR_OPTIONS" replacementmode="2">
<HEADER state="1">
<Title>PCK.CUSTOM.ROBOCOPY.PRV.VAR.SUBDIR_OPTIONS</Title>
<ArchiveKey1/>
<ArchiveKey2/>
<OH_SubType>STATIC</OH_SubType>
</HEADER>
<ATTR_VARA state="1">
<Type>C|Text</Type>
<lblSource>Static</lblSource>
<source>STATIC</source>
<VRName>FREI|Freely selected</VRName>
<NotFoundErr>0</NotFoundErr>
<NotFoundDef>1</NotFoundDef>
<ShareN>0</ShareN>
<ShareL>0</ShareL>
<ShareR>0</ShareR>
<MaxValue_C>1024</MaxValue_C>
<CheckMax_C>0</CheckMax_C>
<uppercase>0</uppercase>
<sortColumn>0</sortColumn>
<sortDirection>0</sortDirection>
</ATTR_VARA>
<VARA state="1">
<Variables>
<row Name="NO" Value="No" Value1="" Value2="" Value3="" Value4=""/>
<row Name="YES_EXCL" Value="Yes, excludes empty directories" Value1="" Value2="" Value3="" Value4=""/>
<row Name="YES_INCL" Value="Yes, includes empty directories" Value1="" Value2="" Value3="" Value4=""/>
</Variables>
</VARA>
<DOCU_Docu state="1" type="text">
<DOC/>
</DOCU_Docu>
</VARA>
<VARA OVD_VRName="FREI" data_type="STATIC" name="PCK.CUSTOM.ROBOCOPY.PRV.VAR.COPYFLAGS" replacementmode="2">
<HEADER state="1">
<Title>PCK.CUSTOM.ROBOCOPY.PRV.VAR.COPYFLAGS</Title>
<ArchiveKey1/>
<ArchiveKey2/>
<OH_SubType>STATIC</OH_SubType>
</HEADER>
<ATTR_VARA state="1">
<Type>C|Text</Type>
<lblSource>Static</lblSource>
<source>STATIC</source>
<VRName>FREI|Freely selected</VRName>
<NotFoundErr>0</NotFoundErr>
<NotFoundDef>1</NotFoundDef>
<ShareN>0</ShareN>
<ShareL>0</ShareL>
<ShareR>0</ShareR>
<MaxValue_C>1024</MaxValue_C>
<CheckMax_C>0</CheckMax_C>
<uppercase>0</uppercase>
<sortColumn>0</sortColumn>
<sortDirection>0</sortDirection>
</ATTR_VARA>
<VARA state="1">
<Variables>
<row Name="ATTIBUTES" Value="Attributes" Value1="A" Value2="" Value3="" Value4=""/>
<row Name="AUDITING" Value="Auditing information" Value1="U" Value2="" Value3="" Value4=""/>
<row Name="DATA" Value="Data" Value1="D" Value2="" Value3="" Value4=""/>
<row Name="NTFS_ACL" Value="NTFS access control list (ACL)" Value1="S" Value2="" Value3="" Value4=""/>
<row Name="OWNER_INFORMATION" Value="Owner information" Value1="O" Value2="" Value3="" Value4=""/>
<row Name="TIMESTAMPS" Value="Time stamps" Value1="T" Value2="" Value3="" Value4=""/>
</Variables>
</VARA>
<DOCU_Docu state="1" type="text">
<DOC/>
</DOCU_Docu>
</VARA>
<VARA OVD_VRName="FREI" data_type="STATIC" name="PCK.CUSTOM.ROBOCOPY.PRV.VAR.SYNC" replacementmode="2">
<HEADER state="1">
<Title>PCK.CUSTOM.ROBOCOPY.PRV.VAR.SYNC</Title>
<ArchiveKey1/>
<ArchiveKey2/>
<OH_SubType>STATIC</OH_SubType>
</HEADER>
<ATTR_VARA state="1">
<Type>C|Text</Type>
<lblSource>Static</lblSource>
<source>STATIC</source>
<VRName>FREI|Freely selected</VRName>
<NotFoundErr>0</NotFoundErr>
<NotFoundDef>1</NotFoundDef>
<ShareN>0</ShareN>
<ShareL>0</ShareL>
<ShareR>0</ShareR>
<MaxValue_C>1024</MaxValue_C>
<CheckMax_C>0</CheckMax_C>
<uppercase>0</uppercase>
<sortColumn>0</sortColumn>
<sortDirection>0</sortDirection>
</ATTR_VARA>
<VARA state="1">
<Variables>
<row Name="DEFAULT" Value="Basic copy with no option" Value1="" Value2="" Value3="" Value4=""/>
<row Name="MIR" Value="Mirrors a directory tree" Value1="/mir&#10;" Value2="" Value3="" Value4=""/>
<row Name="MOV" Value="Moves files, and deletes them from the source" Value1="/mov" Value2="" Value3="" Value4=""/>
<row Name="MOVE" Value="Moves files and directories, and deletes them from the source" Value1="/move&#10;" Value2="" Value3="" Value4=""/>
<row Name="PURGE" Value="Purge, Deletes destination files and directories that no longer exist in the source" Value1="/purge&#10;" Value2="" Value3="" Value4=""/>
</Variables>
</VARA>
<DOCU_Docu state="1" type="text">
<DOC/>
</DOCU_Docu>
</VARA>
<VARA OVD_VRName="FREI" data_type="STATIC" name="PCK.CUSTOM.ROBOCOPY.PRV.VAR.YESNO" replacementmode="2">
<HEADER state="1">
<Title>PCK.CUSTOM.ROBOCOPY.PRV.VAR.RETRY</Title>
<ArchiveKey1/>
<ArchiveKey2/>
<OH_SubType>STATIC</OH_SubType>
</HEADER>
<ATTR_VARA state="1">
<Type>C|Text</Type>
<lblSource>Static</lblSource>
<source>STATIC</source>
<VRName>FREI|Freely selected</VRName>
<NotFoundErr>0</NotFoundErr>
<NotFoundDef>1</NotFoundDef>
<ShareN>0</ShareN>
<ShareL>0</ShareL>
<ShareR>0</ShareR>
<MaxValue_C>1024</MaxValue_C>
<CheckMax_C>0</CheckMax_C>
<uppercase>0</uppercase>
<sortColumn>0</sortColumn>
<sortDirection>0</sortDirection>
</ATTR_VARA>
<VARA state="1">
<Variables>
<row Name="NO" Value="NO" Value1="" Value2="" Value3="" Value4=""/>
<row Name="YES" Value="YES" Value1="" Value2="" Value3="" Value4=""/>
</Variables>
</VARA>
<DOCU_Docu state="1" type="text">
<DOC/>
</DOCU_Docu>
</VARA>
</uc-export>
